{
    "metrics": {
        "login_latency_ms": {
            "p(99)": 17.969793000000013,
            "count": 15848,
            "avg": 6.125821730312996,
            "min": 1.2964,
            "max": 37.192,
            "p(50)": 5.5994,
            "p(95)": 9.397319999999997
        },
        "http_req_duration": {
            "p(50)": 5.5993,
            "p(95)": 9.396979999999989,
            "p(99)": 17.96961200000001,
            "count": 15849,
            "avg": 6.12566837541803,
            "min": 1.2964,
            "max": 37.192
        },
        "http_req_duration{expected_response:true}": {
            "p(99)": 17.96961200000001,
            "count": 15849,
            "avg": 6.12566837541803,
            "min": 1.2964,
            "max": 37.192,
            "p(50)": 5.5993,
            "p(95)": 9.396979999999989
        },
        "http_req_sending": {
            "p(95)": 0.35919999999999924,
            "p(99)": 0.7581360000000008,
            "count": 15849,
            "avg": 0.1289716194081642,
            "min": 0.0414,
            "max": 4.9071,
            "p(50)": 0.0865
        },
        "iteration_duration": {
            "avg": 6.298948849192329,
            "min": 1.4013,
            "max": 37.8531,
            "p(50)": 5.7538505,
            "p(95)": 9.674565,
            "p(99)": 18.209299000000005,
            "count": 15848
        },
        "http_req_connecting": {
            "p(95)": 0,
            "p(99)": 0,
            "count": 15849,
            "avg": 0.0006708309672534546,
            "min": 0,
            "max": 2.7527,
            "p(50)": 0
        },
        "attack_reached_backend": {
            "count": 15848,
            "rate": 791.7341795823612
        },
        "http_req_receiving": {
            "count": 15849,
            "avg": 0.5878040336298874,
            "min": 0.0114,
            "max": 12.2708,
            "p(50)": 0.5149,
            "p(95)": 1.3900199999999996,
            "p(99)": 2.605636000000005
        },
        "block_rate": {
            "passes": 0,
            "fails": 15848,
            "value": 0
        },
        "http_req_failed": {
            "passes": 0,
            "fails": 15849,
            "value": 0
        },
        "data_received": {
            "count": 3997003,
            "rate": 199682.2243180992
        },
        "http_req_blocked": {
            "p(95)": 0.0005,
            "p(99)": 0.0006,
            "count": 15849,
            "avg": 0.005964496119629641,
            "min": 0.0001,
            "max": 8.899,
            "p(50)": 0.0003
        },
        "checks": {
            "passes": 15848,
            "fails": 31696,
            "value": 0.3333333333333333
        },
        "http_reqs": {
            "count": 15849,
            "rate": 791.7841375694625
        },
        "http_req_tls_handshaking": {
            "max": 8.385,
            "p(50)": 0,
            "p(95)": 0,
            "p(99)": 0,
            "count": 15849,
            "avg": 0.00473287898290113,
            "min": 0
        },
        "vus_max": {
            "value": 5,
            "min": 5,
            "max": 5
        },
        "http_req_waiting": {
            "avg": 5.408892722379941,
            "min": 1.1495,
            "max": 36.6843,
            "p(50)": 4.9123,
            "p(95)": 8.496319999999994,
            "p(99)": 15.90516400000001,
            "count": 15849
        },
        "data_sent": {
            "count": 1786792,
            "rate": 89264.53168881412
        },
        "vus": {
            "max": 5,
            "value": 5,
            "min": 5
        },
        "iterations": {
            "count": 15848,
            "rate": 791.7341795823612
        }
    },
    "root_group": {
        "groups": {},
        "checks": {
                "rate_limited_by_nginx (503 HTML)": {
                    "name": "rate_limited_by_nginx (503 HTML)",
                    "path": "::rate_limited_by_nginx (503 HTML)",
                    "id": "c913043f5388c4a603801ccd7878f6fd",
                    "passes": 0,
                    "fails": 15848
                },
                "backend_failure       (503 JSON)": {
                    "id": "5d776f0d2fe6fff6b46a5d5ca07d3ad5",
                    "passes": 0,
                    "fails": 15848,
                    "name": "backend_failure       (503 JSON)",
                    "path": "::backend_failure       (503 JSON)"
                },
                "reached_backend       (200/401)": {
                    "path": "::reached_backend       (200/401)",
                    "id": "6cda9f3631d45766b1c1352a6292f100",
                    "passes": 15848,
                    "fails": 0,
                    "name": "reached_backend       (200/401)"
                }
            },
        "name": "",
        "path": "",
        "id": "d41d8cd98f00b204e9800998ecf8427e"
    }
}