{
    "root_group": {
        "name": "",
        "path": "",
        "id": "d41d8cd98f00b204e9800998ecf8427e",
        "groups": {},
        "checks": {
                "rate_limited_by_nginx (503 HTML)": {
                    "path": "::rate_limited_by_nginx (503 HTML)",
                    "id": "c913043f5388c4a603801ccd7878f6fd",
                    "passes": 0,
                    "fails": 11882,
                    "name": "rate_limited_by_nginx (503 HTML)"
                },
                "backend_failure       (503 JSON)": {
                    "name": "backend_failure       (503 JSON)",
                    "path": "::backend_failure       (503 JSON)",
                    "id": "5d776f0d2fe6fff6b46a5d5ca07d3ad5",
                    "passes": 0,
                    "fails": 11882
                },
                "reached_backend       (200/401)": {
                    "fails": 0,
                    "name": "reached_backend       (200/401)",
                    "path": "::reached_backend       (200/401)",
                    "id": "6cda9f3631d45766b1c1352a6292f100",
                    "passes": 11882
                }
            }
    },
    "metrics": {
        "http_req_sending": {
            "max": 2.2623,
            "p(50)": 0.0917,
            "p(95)": 0.1498949999999999,
            "p(99)": 0.24341900000000005,
            "count": 11882,
            "avg": 0.09919816823767101,
            "min": 0.0502
        },
        "http_req_waiting": {
            "min": 0.533,
            "max": 19.2573,
            "p(50)": 1.3101,
            "p(95)": 1.7663699499999994,
            "p(99)": 2.2380760000000053,
            "count": 11882,
            "avg": 1.3669385288671942
        },
        "http_req_duration": {
            "avg": 1.5540001158054157,
            "min": 1.1432,
            "max": 19.5279,
            "p(50)": 1.48325,
            "p(95)": 2.013254999999999,
            "p(99)": 2.540561000000001,
            "count": 11882
        },
        "http_req_blocked": {
            "p(95)": 0.0004,
            "p(99)": 0.0005,
            "count": 11882,
            "avg": 0.003354872580373753,
            "min": 0.0002,
            "max": 3.4988,
            "p(50)": 0.0003
        },
        "checks": {
            "passes": 11882,
            "fails": 23764,
            "value": 0.3333333333333333
        },
        "data_sent": {
            "count": 1332743,
            "rate": 66635.58378057992
        },
        "data_received": {
            "count": 2999479,
            "rate": 149970.42505763684
        },
        "vus_max": {
            "value": 1,
            "min": 1,
            "max": 1
        },
        "attack_reached_backend": {
            "count": 11882,
            "rate": 594.0860364532776
        },
        "iteration_duration": {
            "avg": 1.6739232197441545,
            "min": 1.2594,
            "max": 19.7507,
            "p(50)": 1.59085,
            "p(95)": 2.1987999499999997,
            "p(99)": 2.8149750000000013,
            "count": 11882
        },
        "iterations": {
            "count": 11882,
            "rate": 594.0860364532776
        },
        "vus": {
            "max": 1,
            "value": 1,
            "min": 1
        },
        "http_req_failed": {
            "passes": 11882,
            "fails": 0,
            "value": 1
        },
        "login_latency_ms": {
            "max": 19.5279,
            "p(50)": 1.48325,
            "p(95)": 2.013254999999999,
            "p(99)": 2.540561000000001,
            "count": 11882,
            "avg": 1.5540001158054157,
            "min": 1.1432
        },
        "block_rate": {
            "passes": 0,
            "fails": 11882,
            "value": 0
        },
        "http_reqs": {
            "rate": 594.0860364532776,
            "count": 11882
        },
        "http_req_receiving": {
            "count": 11882,
            "avg": 0.08786341870055556,
            "min": 0.0198,
            "max": 2.94,
            "p(50)": 0.0736,
            "p(95)": 0.19329499999999988,
            "p(99)": 0.32565700000000014
        },
        "http_req_tls_handshaking": {
            "max": 2.9757,
            "p(50)": 0,
            "p(95)": 0,
            "p(99)": 0,
            "count": 11882,
            "avg": 0.0026374681030129606,
            "min": 0
        },
        "http_req_connecting": {
            "max": 0.2524,
            "p(50)": 0,
            "p(95)": 0,
            "p(99)": 0,
            "count": 11882,
            "avg": 0.00020319811479548895,
            "min": 0
        }
    }
}