{
    "metrics": {
        "http_req_failed": {
            "passes": 11658,
            "fails": 0,
            "value": 1
        },
        "vus_max": {
            "value": 1,
            "min": 1,
            "max": 1
        },
        "login_latency_ms": {
            "avg": 1.5837648240693047,
            "min": 1.105,
            "max": 68.0468,
            "p(50)": 1.482,
            "p(95)": 2.0790499999999996,
            "p(99)": 2.8582020000000004,
            "count": 11658
        },
        "checks": {
            "passes": 11658,
            "fails": 23316,
            "value": 0.3333333333333333
        },
        "block_rate": {
            "passes": 0,
            "fails": 11658,
            "value": 0
        },
        "iteration_duration": {
            "p(95)": 2.26863,
            "p(99)": 3.167719000000004,
            "count": 11658,
            "avg": 1.7064463386515778,
            "min": 1.1717,
            "max": 71.6503,
            "p(50)": 1.5873
        },
        "iterations": {
            "count": 11658,
            "rate": 582.8423156588875
        },
        "data_received": {
            "count": 2938459,
            "rate": 146908.41036444492
        },
        "http_req_connecting": {
            "min": 0,
            "max": 0.2855,
            "p(50)": 0,
            "p(95)": 0,
            "p(99)": 0,
            "count": 11658,
            "avg": 0.00020685366272087834
        },
        "http_req_waiting": {
            "p(50)": 1.302,
            "p(95)": 1.8051599999999999,
            "p(99)": 2.4652030000000007,
            "count": 11658,
            "avg": 1.3863707873563182,
            "min": 0.1392,
            "max": 67.3718
        },
        "vus": {
            "value": 1,
            "min": 1,
            "max": 1
        },
        "data_sent": {
            "count": 1308055,
            "rate": 65396.277681350664
        },
        "http_req_blocked": {
            "p(95)": 0.0004,
            "p(99)": 0.0005,
            "count": 11658,
            "avg": 0.0034545891233488373,
            "min": 0.0002,
            "max": 3.4174,
            "p(50)": 0.0003
        },
        "http_req_receiving": {
            "avg": 0.09782160653628441,
            "min": 0.0195,
            "max": 19.2873,
            "p(50)": 0.073,
            "p(95)": 0.25292999999999993,
            "p(99)": 0.4051590000000004,
            "count": 11658
        },
        "attack_reached_backend": {
            "count": 11658,
            "rate": 582.8423156588875
        },
        "http_req_duration": {
            "count": 11658,
            "avg": 1.5837648240693047,
            "min": 1.105,
            "max": 68.0468,
            "p(50)": 1.482,
            "p(95)": 2.0790499999999996,
            "p(99)": 2.8582020000000004
        },
        "http_reqs": {
            "count": 11658,
            "rate": 582.8423156588875
        },
        "http_req_tls_handshaking": {
            "p(99)": 0,
            "count": 11658,
            "avg": 0.002782252530451192,
            "min": 0,
            "max": 3.1124,
            "p(50)": 0,
            "p(95)": 0
        },
        "http_req_sending": {
            "avg": 0.09957243017670236,
            "min": 0.0469,
            "max": 5.2922,
            "p(50)": 0.0906,
            "p(95)": 0.15925999999999987,
            "p(99)": 0.2893440000000002,
            "count": 11658
        }
    },
    "root_group": {
        "name": "",
        "path": "",
        "id": "d41d8cd98f00b204e9800998ecf8427e",
        "groups": {},
        "checks": {
                "rate_limited_by_nginx (503 HTML)": {
                    "passes": 0,
                    "fails": 11658,
                    "name": "rate_limited_by_nginx (503 HTML)",
                    "path": "::rate_limited_by_nginx (503 HTML)",
                    "id": "c913043f5388c4a603801ccd7878f6fd"
                },
                "backend_failure       (503 JSON)": {
                    "path": "::backend_failure       (503 JSON)",
                    "id": "5d776f0d2fe6fff6b46a5d5ca07d3ad5",
                    "passes": 0,
                    "fails": 11658,
                    "name": "backend_failure       (503 JSON)"
                },
                "reached_backend       (200/401)": {
                    "fails": 0,
                    "name": "reached_backend       (200/401)",
                    "path": "::reached_backend       (200/401)",
                    "id": "6cda9f3631d45766b1c1352a6292f100",
                    "passes": 11658
                }
            }
    }
}