{
    "metrics": {
        "data_received": {
            "count": 13242969,
            "rate": 662140.6070769373
        },
        "vus_max": {
            "min": 1,
            "max": 1,
            "value": 1
        },
        "http_req_tls_handshaking": {
            "avg": 0.002674046166091802,
            "min": 0,
            "max": 3.1487,
            "p(50)": 0,
            "p(95)": 0,
            "p(99)": 0,
            "count": 37690
        },
        "login_latency_ms": {
            "p(50)": 0.3566,
            "p(95)": 0.6790749999999978,
            "p(99)": 1.9680210000000007,
            "count": 37690,
            "avg": 0.42085636227115986,
            "min": 0.0202,
            "max": 4.7406
        },
        "iterations": {
            "count": 37690,
            "rate": 1884.477678738791
        },
        "http_req_receiving": {
            "max": 2.2718,
            "p(50)": 0.066,
            "p(95)": 0.1239,
            "p(99)": 0.17881100000000005,
            "count": 37690,
            "avg": 0.07056558768904202,
            "min": 0.0123
        },
        "http_req_failed": {
            "passes": 37690,
            "fails": 0,
            "value": 1
        },
        "vus": {
            "max": 1,
            "value": 1,
            "min": 1
        },
        "iteration_duration": {
            "count": 37690,
            "avg": 0.5236155583443878,
            "min": 0.2184,
            "max": 6.9222,
            "p(50)": 0.4518,
            "p(95)": 0.9138649999999987,
            "p(99)": 2.1412878900000005
        },
        "ratelimit_503": {
            "count": 36090,
            "rate": 1804.478626311567
        },
        "block_rate": {
            "passes": 36090,
            "fails": 1600,
            "value": 0.9575484213319183
        },
        "checks": {
            "passes": 37690,
            "fails": 75380,
            "value": 0.3333333333333333
        },
        "http_req_sending": {
            "avg": 0.09211948829928145,
            "min": 0,
            "max": 2.4688,
            "p(50)": 0.0881,
            "p(95)": 0.1297,
            "p(99)": 0.2260220000000001,
            "count": 37690
        },
        "http_reqs": {
            "count": 37690,
            "rate": 1884.477678738791
        },
        "http_req_connecting": {
            "max": 0.792,
            "p(50)": 0,
            "p(95)": 0,
            "p(99)": 0,
            "count": 37690,
            "avg": 0.00022781109047492707,
            "min": 0
        },
        "http_req_waiting": {
            "count": 37690,
            "avg": 0.25817128628283653,
            "min": 0,
            "max": 3.6804,
            "p(50)": 0.195,
            "p(95)": 0.44130999999999915,
            "p(99)": 1.7665550000000003
        },
        "http_req_duration": {
            "count": 37690,
            "avg": 0.42085636227115986,
            "min": 0.0202,
            "max": 4.7406,
            "p(50)": 0.3566,
            "p(95)": 0.6790749999999978,
            "p(99)": 1.9680210000000007
        },
        "http_req_blocked": {
            "avg": 0.0033574529052795375,
            "min": 0.0002,
            "max": 3.5301,
            "p(50)": 0.0003,
            "p(95)": 0.0003,
            "p(99)": 0.0004,
            "count": 37690
        },
        "data_sent": {
            "count": 4263683,
            "rate": 213181.6249062893
        },
        "attack_reached_backend": {
            "count": 1600,
            "rate": 79.9990524272238
        }
    },
    "root_group": {
        "groups": {},
        "checks": {
                "rate_limited_by_nginx (503 HTML)": {
                    "fails": 1600,
                    "name": "rate_limited_by_nginx (503 HTML)",
                    "path": "::rate_limited_by_nginx (503 HTML)",
                    "id": "c913043f5388c4a603801ccd7878f6fd",
                    "passes": 36090
                },
                "backend_failure       (503 JSON)": {
                    "id": "5d776f0d2fe6fff6b46a5d5ca07d3ad5",
                    "passes": 0,
                    "fails": 37690,
                    "name": "backend_failure       (503 JSON)",
                    "path": "::backend_failure       (503 JSON)"
                },
                "reached_backend       (200/401)": {
                    "id": "6cda9f3631d45766b1c1352a6292f100",
                    "passes": 1600,
                    "fails": 36090,
                    "name": "reached_backend       (200/401)",
                    "path": "::reached_backend       (200/401)"
                }
            },
        "name": "",
        "path": "",
        "id": "d41d8cd98f00b204e9800998ecf8427e"
    }
}