{
    "root_group": {
        "name": "",
        "path": "",
        "id": "d41d8cd98f00b204e9800998ecf8427e",
        "groups": {},
        "checks": {
                "rate_limited_by_nginx (503 HTML)": {
                    "id": "c913043f5388c4a603801ccd7878f6fd",
                    "passes": 130488,
                    "fails": 1600,
                    "name": "rate_limited_by_nginx (503 HTML)",
                    "path": "::rate_limited_by_nginx (503 HTML)"
                },
                "backend_failure       (503 JSON)": {
                    "name": "backend_failure       (503 JSON)",
                    "path": "::backend_failure       (503 JSON)",
                    "id": "5d776f0d2fe6fff6b46a5d5ca07d3ad5",
                    "passes": 0,
                    "fails": 132088
                },
                "reached_backend       (200/401)": {
                    "name": "reached_backend       (200/401)",
                    "path": "::reached_backend       (200/401)",
                    "id": "6cda9f3631d45766b1c1352a6292f100",
                    "passes": 1600,
                    "fails": 130488
                }
            }
    },
    "metrics": {
        "vus": {
            "value": 5,
            "min": 5,
            "max": 5
        },
        "http_req_waiting": {
            "min": 0,
            "max": 202.183297,
            "p(50)": 0.3354,
            "p(95)": 1.2218199999999984,
            "p(99)": 4.009235999999999,
            "count": 132089,
            "avg": 0.492309727638178
        },
        "iterations": {
            "count": 132088,
            "rate": 6536.442392242979
        },
        "iteration_duration": {
            "avg": 0.7489185514353985,
            "min": 0.1553,
            "max": 33.1033,
            "p(50)": 0.562,
            "p(95)": 1.5612299999999988,
            "p(99)": 4.8973130000000005,
            "count": 132088
        },
        "login_latency_ms": {
            "avg": 0.6273686562367329,
            "min": 0.0115,
            "max": 32.9931,
            "p(50)": 0.4541,
            "p(95)": 1.3853,
            "p(99)": 4.613319000000029,
            "count": 132088
        },
        "ratelimit_503": {
            "count": 130488,
            "rate": 6457.265572035323
        },
        "vus_max": {
            "min": 5,
            "max": 5,
            "value": 5
        },
        "data_received": {
            "count": 46827332,
            "rate": 2317274.529105113
        },
        "http_req_duration{expected_response:true}": {
            "avg": 0.6288982039533769,
            "min": 0.0115,
            "max": 202.663797,
            "p(50)": 0.4541,
            "p(95)": 1.385359999999999,
            "p(99)": 4.618812,
            "count": 132089
        },
        "http_req_blocked": {
            "avg": 0.004532294157727156,
            "min": 0.0001,
            "max": 18.838701,
            "p(50)": 0.0003,
            "p(95)": 0.0004,
            "p(99)": 0.0005,
            "count": 132089
        },
        "http_req_tls_handshaking": {
            "p(50)": 0,
            "p(95)": 0,
            "p(99)": 0,
            "count": 132089,
            "avg": 0.0037839108631301612,
            "min": 0,
            "max": 18.275401
        },
        "http_req_sending": {
            "p(50)": 0.0619,
            "p(95)": 0.2407,
            "p(99)": 0.4618,
            "count": 132089,
            "avg": 0.08680924777990714,
            "min": 0,
            "max": 8.3347
        },
        "attack_reached_backend": {
            "count": 1600,
            "rate": 79.17682020765524
        },
        "http_req_duration": {
            "count": 132089,
            "avg": 0.6288982039533769,
            "min": 0.0115,
            "max": 202.663797,
            "p(50)": 0.4541,
            "p(95)": 1.385359999999999,
            "p(99)": 4.618812
        },
        "http_req_receiving": {
            "avg": 0.0497792285353107,
            "min": 0.0067,
            "max": 30.373901,
            "p(50)": 0.0232,
            "p(95)": 0.13975999999999913,
            "p(99)": 0.5485719999999972,
            "count": 132089
        },
        "http_req_connecting": {
            "p(50)": 0,
            "p(95)": 0,
            "p(99)": 0,
            "count": 132089,
            "avg": 0.00026992860874107616,
            "min": 0,
            "max": 0.8225
        },
        "block_rate": {
            "passes": 130488,
            "fails": 1600,
            "value": 0.9878868633032524
        },
        "checks": {
            "passes": 132088,
            "fails": 264176,
            "value": 0.3333333333333333
        },
        "http_reqs": {
            "count": 132089,
            "rate": 6536.491877755609
        },
        "data_sent": {
            "count": 14833384,
            "rate": 734037.6112744437
        },
        "http_req_failed": {
            "passes": 0,
            "fails": 132089,
            "value": 0
        }
    }
}