{
    "root_group": {
        "name": "",
        "path": "",
        "id": "d41d8cd98f00b204e9800998ecf8427e",
        "groups": {},
        "checks": {
                "rate_limited_by_nginx (503 HTML)": {
                    "name": "rate_limited_by_nginx (503 HTML)",
                    "path": "::rate_limited_by_nginx (503 HTML)",
                    "id": "c913043f5388c4a603801ccd7878f6fd",
                    "passes": 40711,
                    "fails": 416
                },
                "backend_failure       (503 JSON)": {
                    "name": "backend_failure       (503 JSON)",
                    "path": "::backend_failure       (503 JSON)",
                    "id": "5d776f0d2fe6fff6b46a5d5ca07d3ad5",
                    "passes": 0,
                    "fails": 41127
                },
                "reached_backend       (200/401)": {
                    "fails": 40711,
                    "name": "reached_backend       (200/401)",
                    "path": "::reached_backend       (200/401)",
                    "id": "6cda9f3631d45766b1c1352a6292f100",
                    "passes": 416
                }
            }
    },
    "metrics": {
        "http_req_connecting": {
            "max": 0.504,
            "p(50)": 0,
            "p(95)": 0,
            "p(99)": 0,
            "count": 41127,
            "avg": 0.00021720281080555353,
            "min": 0
        },
        "http_req_sending": {
            "p(50)": 0.0878,
            "p(95)": 0.1257,
            "p(99)": 0.20791799999999858,
            "count": 41127,
            "avg": 0.0910087220803829,
            "min": 0,
            "max": 2.5593
        },
        "checks": {
            "passes": 41127,
            "fails": 82254,
            "value": 0.3333333333333333
        },
        "http_req_tls_handshaking": {
            "p(50)": 0,
            "p(95)": 0,
            "p(99)": 0,
            "count": 41127,
            "avg": 0.0027246504972402554,
            "min": 0,
            "max": 3.1554
        },
        "block_rate": {
            "passes": 40711,
            "fails": 416,
            "value": 0.9898849903956038
        },
        "data_received": {
            "rate": 729444.5408885633,
            "count": 14589230
        },
        "http_req_waiting": {
            "p(99)": 1.6057539999999753,
            "count": 41127,
            "avg": 0.21948336460232942,
            "min": 0,
            "max": 8.0335,
            "p(50)": 0.1941,
            "p(95)": 0.3006699999999997
        },
        "vus": {
            "value": 1,
            "min": 1,
            "max": 1
        },
        "data_sent": {
            "count": 4657141,
            "rate": 232851.6363508084
        },
        "vus_max": {
            "value": 1,
            "min": 1,
            "max": 1
        },
        "login_latency_ms": {
            "max": 8.1927,
            "p(50)": 0.353,
            "p(95)": 0.4712,
            "p(99)": 1.7941119999999922,
            "count": 41127,
            "avg": 0.3792139291463016,
            "min": 0.0231
        },
        "attack_reached_backend": {
            "count": 416,
            "rate": 20.79951642476281
        },
        "http_req_duration": {
            "avg": 0.3792139291463016,
            "min": 0.0231,
            "max": 8.1927,
            "p(50)": 0.353,
            "p(95)": 0.4712,
            "p(99)": 1.7941119999999922,
            "count": 41127
        },
        "ratelimit_503": {
            "count": 40711,
            "rate": 2035.5026758858623
        },
        "http_req_blocked": {
            "p(50)": 0.0003,
            "p(95)": 0.0003,
            "p(99)": 0.0004,
            "count": 41127,
            "avg": 0.003408911469351237,
            "min": 0.0001,
            "max": 3.750401
        },
        "iteration_duration": {
            "p(99)": 1.9511219999999994,
            "count": 41127,
            "avg": 0.4796001552264915,
            "min": 0.2055,
            "max": 8.3811,
            "p(50)": 0.447,
            "p(95)": 0.5879699999999997
        },
        "http_reqs": {
            "count": 41127,
            "rate": 2056.3021923106253
        },
        "http_req_receiving": {
            "avg": 0.06872184246358874,
            "min": 0.0114,
            "max": 3.7671,
            "p(50)": 0.0647,
            "p(95)": 0.1222,
            "p(99)": 0.1688739999999998,
            "count": 41127
        },
        "http_req_failed": {
            "passes": 41127,
            "fails": 0,
            "value": 1
        },
        "iterations": {
            "count": 41127,
            "rate": 2056.3021923106253
        }
    }
}