{
    "root_group": {
        "name": "",
        "path": "",
        "id": "d41d8cd98f00b204e9800998ecf8427e",
        "groups": {},
        "checks": {
                "rate_limited_by_nginx (503 HTML)": {
                    "name": "rate_limited_by_nginx (503 HTML)",
                    "path": "::rate_limited_by_nginx (503 HTML)",
                    "id": "c913043f5388c4a603801ccd7878f6fd",
                    "passes": 135803,
                    "fails": 396
                },
                "backend_failure       (503 JSON)": {
                    "fails": 136199,
                    "name": "backend_failure       (503 JSON)",
                    "path": "::backend_failure       (503 JSON)",
                    "id": "5d776f0d2fe6fff6b46a5d5ca07d3ad5",
                    "passes": 0
                },
                "reached_backend       (200/401)": {
                    "fails": 135803,
                    "name": "reached_backend       (200/401)",
                    "path": "::reached_backend       (200/401)",
                    "id": "6cda9f3631d45766b1c1352a6292f100",
                    "passes": 396
                }
            }
    },
    "metrics": {
        "attack_reached_backend": {
            "count": 396,
            "rate": 20.717746641104604
        },
        "iteration_duration": {
            "p(50)": 0.555,
            "p(95)": 1.4291,
            "p(99)": 2.821205999999997,
            "count": 136199,
            "avg": 0.6909067953142154,
            "min": 0.1494,
            "max": 39.4947
        },
        "http_req_tls_handshaking": {
            "p(99)": 0,
            "count": 136201,
            "avg": 0.0035985425290563193,
            "min": 0,
            "max": 16.4575,
            "p(50)": 0,
            "p(95)": 0
        },
        "block_rate": {
            "passes": 135803,
            "fails": 396,
            "value": 0.9970924896658566
        },
        "iterations": {
            "count": 136199,
            "rate": 7125.596905989409
        },
        "http_req_blocked": {
            "p(95)": 0.0004,
            "p(99)": 0.0005,
            "count": 136201,
            "avg": 0.0043395818606322255,
            "min": 0.0001,
            "max": 17.087,
            "p(50)": 0.0003
        },
        "http_req_failed": {
            "passes": 0,
            "fails": 136201,
            "value": 0
        },
        "http_req_waiting": {
            "p(99)": 2.2065,
            "count": 136201,
            "avg": 0.43919978739509835,
            "min": 0,
            "max": 39.289,
            "p(50)": 0.3272,
            "p(95)": 1.1021
        },
        "ratelimit_503": {
            "count": 135803,
            "rate": 7104.879159348304
        },
        "data_received": {
            "count": 48413911,
            "rate": 2532896.8232398666
        },
        "login_latency_ms": {
            "p(50)": 0.4468,
            "p(95)": 1.2603099999999992,
            "p(99)": 2.458,
            "count": 136199,
            "avg": 0.5700279860792028,
            "min": 0.0105,
            "max": 39.4128
        },
        "checks": {
            "fails": 272398,
            "passes": 136199,
            "value": 0.3333333333333333
        },
        "http_req_connecting": {
            "min": 0,
            "max": 1.6297,
            "p(50)": 0,
            "p(95)": 0,
            "p(99)": 0,
            "count": 136201,
            "avg": 0.00028442667821822166
        },
        "http_req_receiving": {
            "p(50)": 0.0231,
            "p(95)": 0.1178,
            "p(99)": 0.375,
            "count": 136201,
            "avg": 0.04398556719848195,
            "min": 0.0068,
            "max": 11.1615
        },
        "http_req_duration": {
            "avg": 0.5700417109712951,
            "min": 0.0105,
            "max": 39.4128,
            "p(50)": 0.4468,
            "p(95)": 1.2604,
            "p(99)": 2.458,
            "count": 136201
        },
        "vus": {
            "value": 5,
            "min": 5,
            "max": 5
        },
        "vus_max": {
            "value": 5,
            "min": 5,
            "max": 5
        },
        "http_reqs": {
            "count": 136201,
            "rate": 7125.701541073455
        },
        "http_req_sending": {
            "p(99)": 0.4653,
            "count": 136201,
            "avg": 0.08685635637770944,
            "min": 0,
            "max": 8.7177,
            "p(50)": 0.0624,
            "p(95)": 0.243
        },
        "data_sent": {
            "count": 15287309,
            "rate": 799794.431025955
        },
        "http_req_duration{expected_response:true}": {
            "p(95)": 1.2604,
            "p(99)": 2.458,
            "count": 136201,
            "avg": 0.5700417109712951,
            "min": 0.0105,
            "max": 39.4128,
            "p(50)": 0.4468
        }
    }
}