{
    "metrics": {
        "http_req_duration": {
            "avg": 0.3875950685653456,
            "min": 0.0175,
            "max": 8.6261,
            "p(50)": 0.3644,
            "p(95)": 0.5315,
            "p(99)": 0.8728199999999983,
            "count": 39466
        },
        "http_req_tls_handshaking": {
            "p(99)": 0,
            "count": 39466,
            "avg": 0.0030147873866112605,
            "min": 0,
            "max": 5.514,
            "p(50)": 0,
            "p(95)": 0
        },
        "http_req_blocked": {
            "p(95)": 0.0004,
            "p(99)": 0.0005,
            "count": 39466,
            "avg": 0.0037512313890445716,
            "min": 0.0002,
            "max": 6.853199,
            "p(50)": 0.0003
        },
        "http_req_waiting": {
            "min": 0,
            "max": 8.112,
            "p(50)": 0.2016,
            "p(95)": 0.343775,
            "p(99)": 0.5856349999999999,
            "count": 39466,
            "avg": 0.22230049447625838
        },
        "login_latency_ms": {
            "min": 0.0175,
            "max": 8.6261,
            "p(50)": 0.3644,
            "p(95)": 0.5315,
            "p(99)": 0.8728199999999983,
            "count": 39466,
            "avg": 0.3875950685653456
        },
        "data_received": {
            "rate": 701468.6371423965,
            "count": 14029639
        },
        "http_req_sending": {
            "max": 2.6994,
            "p(50)": 0.0898,
            "p(95)": 0.145,
            "p(99)": 0.2781699999999997,
            "count": 39466,
            "avg": 0.0962386816753637,
            "min": 0
        },
        "iteration_duration": {
            "max": 8.8967,
            "p(50)": 0.4634,
            "p(95)": 0.682275,
            "p(99)": 1.218534999999997,
            "count": 39466,
            "avg": 0.49925075956519677,
            "min": 0.2095
        },
        "iterations": {
            "rate": 1973.2625503380252,
            "count": 39466
        },
        "checks": {
            "passes": 39466,
            "fails": 78932,
            "value": 0.3333333333333333
        },
        "http_req_receiving": {
            "min": 0.0121,
            "max": 8.293,
            "p(50)": 0.0638,
            "p(95)": 0.1289,
            "p(99)": 0.1888699999999997,
            "count": 39466,
            "avg": 0.06905589241372315
        },
        "http_reqs": {
            "count": 39466,
            "rate": 1973.2625503380252
        },
        "data_sent": {
            "count": 4459542,
            "rate": 222972.86829827036
        },
        "vus": {
            "max": 1,
            "value": 1,
            "min": 1
        },
        "attack_reached_backend": {
            "count": 104,
            "rate": 5.199901313412928
        },
        "http_req_failed": {
            "passes": 39466,
            "fails": 0,
            "value": 1
        },
        "http_req_connecting": {
            "max": 0.638899,
            "p(50)": 0,
            "p(95)": 0,
            "p(99)": 0,
            "count": 39466,
            "avg": 0.00024011551715400595,
            "min": 0
        },
        "vus_max": {
            "value": 1,
            "min": 1,
            "max": 1
        },
        "block_rate": {
            "passes": 39362,
            "fails": 104,
            "value": 0.9973648203516952
        },
        "ratelimit_503": {
            "count": 39362,
            "rate": 1968.0626490246123
        }
    },
    "root_group": {
        "name": "",
        "path": "",
        "id": "d41d8cd98f00b204e9800998ecf8427e",
        "groups": {},
        "checks": {
                "rate_limited_by_nginx (503 HTML)": {
                    "name": "rate_limited_by_nginx (503 HTML)",
                    "path": "::rate_limited_by_nginx (503 HTML)",
                    "id": "c913043f5388c4a603801ccd7878f6fd",
                    "passes": 39362,
                    "fails": 104
                },
                "backend_failure       (503 JSON)": {
                    "name": "backend_failure       (503 JSON)",
                    "path": "::backend_failure       (503 JSON)",
                    "id": "5d776f0d2fe6fff6b46a5d5ca07d3ad5",
                    "passes": 0,
                    "fails": 39466
                },
                "reached_backend       (200/401)": {
                    "passes": 104,
                    "fails": 39362,
                    "name": "reached_backend       (200/401)",
                    "path": "::reached_backend       (200/401)",
                    "id": "6cda9f3631d45766b1c1352a6292f100"
                }
            }
    }
}