{
    "root_group": {
        "checks": {
            "rate_limited_by_nginx (503 HTML)": {
                "name": "rate_limited_by_nginx (503 HTML)",
                "path": "::rate_limited_by_nginx (503 HTML)",
                "id": "c913043f5388c4a603801ccd7878f6fd",
                "passes": 39097,
                "fails": 104
            },
            "backend_failure       (503 JSON)": {
                "passes": 0,
                "fails": 39201,
                "name": "backend_failure       (503 JSON)",
                "path": "::backend_failure       (503 JSON)",
                "id": "5d776f0d2fe6fff6b46a5d5ca07d3ad5"
            },
            "reached_backend       (200/401)": {
                "fails": 39097,
                "name": "reached_backend       (200/401)",
                "path": "::reached_backend       (200/401)",
                "id": "6cda9f3631d45766b1c1352a6292f100",
                "passes": 104
            }
        },
        "name": "",
        "path": "",
        "id": "d41d8cd98f00b204e9800998ecf8427e",
        "groups": {}
    },
    "metrics": {
        "http_req_connecting": {
            "max": 0.7749,
            "p(50)": 0,
            "p(95)": 0,
            "p(99)": 0,
            "count": 39201,
            "avg": 0.0002485548582944313,
            "min": 0
        },
        "http_req_tls_handshaking": {
            "avg": 0.0028671691028290098,
            "min": 0,
            "max": 4.2766,
            "p(50)": 0,
            "p(95)": 0,
            "p(99)": 0,
            "count": 39201
        },
        "http_req_failed": {
            "passes": 39201,
            "fails": 0,
            "value": 1
        },
        "http_req_blocked": {
            "p(95)": 0.0004,
            "p(99)": 0.0005,
            "count": 39201,
            "avg": 0.0036045099359713773,
            "min": 0.000199,
            "max": 5.2396,
            "p(50)": 0.0003
        },
        "checks": {
            "passes": 39201,
            "fails": 78402,
            "value": 0.3333333333333333
        },
        "block_rate": {
            "passes": 39097,
            "fails": 104,
            "value": 0.9973470064539169
        },
        "login_latency_ms": {
            "p(99)": 0.8687,
            "count": 39201,
            "avg": 0.389476354506261,
            "min": 0.0244,
            "max": 9.000399,
            "p(50)": 0.3669,
            "p(95)": 0.5358
        },
        "data_received": {
            "rate": 696785.6524762321,
            "count": 13935862
        },
        "iteration_duration": {
            "count": 39201,
            "avg": 0.5024736529425308,
            "min": 0.2238,
            "max": 10.813999,
            "p(50)": 0.468,
            "p(95)": 0.6934,
            "p(99)": 1.2064
        },
        "vus": {
            "min": 1,
            "max": 1,
            "value": 1
        },
        "vus_max": {
            "min": 1,
            "max": 1,
            "value": 1
        },
        "attack_reached_backend": {
            "rate": 5.1999444209140515,
            "count": 104
        },
        "iterations": {
            "count": 39201,
            "rate": 1960.0290504254976
        },
        "data_sent": {
            "count": 4431728,
            "rate": 221584.03162123644
        },
        "http_req_sending": {
            "max": 3.0255,
            "p(50)": 0.0902,
            "p(95)": 0.1477,
            "p(99)": 0.2648,
            "count": 39201,
            "avg": 0.0972872816254675,
            "min": 0
        },
        "ratelimit_503": {
            "count": 39097,
            "rate": 1954.8291060045835
        },
        "http_req_duration": {
            "max": 9.000399,
            "p(50)": 0.3669,
            "p(95)": 0.5358,
            "p(99)": 0.8687,
            "count": 39201,
            "avg": 0.389476354506261,
            "min": 0.0244
        },
        "http_req_waiting": {
            "p(95)": 0.3427,
            "p(99)": 0.5869,
            "count": 39201,
            "avg": 0.2218578966097803,
            "min": 0,
            "max": 8.419899,
            "p(50)": 0.2022
        },
        "http_reqs": {
            "count": 39201,
            "rate": 1960.0290504254976
        },
        "http_req_receiving": {
            "p(50)": 0.0651,
            "p(95)": 0.1306,
            "p(99)": 0.1965,
            "count": 39201,
            "avg": 0.07033117627101353,
            "min": 0.0125,
            "max": 2.6271
        }
    }
}