{
    "root_group": {
        "name": "",
        "path": "",
        "id": "d41d8cd98f00b204e9800998ecf8427e",
        "groups": {},
        "checks": {
                "rate_limited_by_nginx (503 HTML)": {
                    "passes": 144417,
                    "fails": 1600,
                    "name": "rate_limited_by_nginx (503 HTML)",
                    "path": "::rate_limited_by_nginx (503 HTML)",
                    "id": "c913043f5388c4a603801ccd7878f6fd"
                },
                "backend_failure       (503 JSON)": {
                    "id": "5d776f0d2fe6fff6b46a5d5ca07d3ad5",
                    "passes": 0,
                    "fails": 146017,
                    "name": "backend_failure       (503 JSON)",
                    "path": "::backend_failure       (503 JSON)"
                },
                "reached_backend       (200/401)": {
                    "fails": 144417,
                    "name": "reached_backend       (200/401)",
                    "path": "::reached_backend       (200/401)",
                    "id": "6cda9f3631d45766b1c1352a6292f100",
                    "passes": 1600
                }
            }
    },
    "metrics": {
        "http_req_waiting": {
            "p(95)": 1.0541,
            "p(99)": 3.3641959999999584,
            "count": 146017,
            "avg": 0.44870954554606557,
            "min": 0,
            "max": 35.2392,
            "p(50)": 0.3191
        },
        "data_sent": {
            "count": 16404782,
            "rate": 820202.1741290297
        },
        "data_received": {
            "rate": 2593900.421435772,
            "count": 51880344
        },
        "vus": {
            "value": 5,
            "min": 5,
            "max": 5
        },
        "login_latency_ms": {
            "min": 0.0099,
            "max": 35.9642,
            "p(50)": 0.4312,
            "p(95)": 1.2016992,
            "p(99)": 3.745239999999997,
            "count": 146017,
            "avg": 0.5746114036242259
        },
        "http_req_failed": {
            "passes": 146017,
            "fails": 0,
            "value": 1
        },
        "iteration_duration": {
            "p(99)": 4.206827999999968,
            "count": 146017,
            "avg": 0.6772852384790734,
            "min": 0.1407,
            "max": 36.0369,
            "p(50)": 0.5246,
            "p(95)": 1.3444399999999965
        },
        "iterations": {
            "count": 146017,
            "rate": 7300.521327244613
        },
        "http_req_tls_handshaking": {
            "max": 6.7336,
            "p(50)": 0,
            "p(95)": 0,
            "p(99)": 0,
            "count": 146017,
            "avg": 0.0033146872898361154,
            "min": 0
        },
        "http_req_blocked": {
            "p(99)": 0.0004,
            "count": 146017,
            "avg": 0.004024101933335476,
            "min": 0.0001,
            "max": 7.0073,
            "p(50)": 0.0003,
            "p(95)": 0.0004
        },
        "checks": {
            "passes": 146017,
            "fails": 292034,
            "value": 0.3333333333333333
        },
        "http_req_duration": {
            "p(95)": 1.2016992,
            "p(99)": 3.745239999999997,
            "count": 146017,
            "avg": 0.5746114036242259,
            "min": 0.0099,
            "max": 35.9642,
            "p(50)": 0.4312
        },
        "http_req_sending": {
            "p(95)": 0.2212,
            "p(99)": 0.424,
            "count": 146017,
            "avg": 0.08060753045878392,
            "min": 0,
            "max": 7.7873,
            "p(50)": 0.0583
        },
        "http_req_receiving": {
            "max": 7.346,
            "p(50)": 0.022,
            "p(95)": 0.1229,
            "p(99)": 0.4864,
            "count": 146017,
            "avg": 0.04529432761939205,
            "min": 0.0067
        },
        "ratelimit_503": {
            "count": 144417,
            "rate": 7220.524928718473
        },
        "http_reqs": {
            "count": 146017,
            "rate": 7300.521327244613
        },
        "http_req_connecting": {
            "p(99)": 0,
            "count": 146017,
            "avg": 0.0002509652848640912,
            "min": 0,
            "max": 0.8142,
            "p(50)": 0,
            "p(95)": 0
        },
        "block_rate": {
            "passes": 144417,
            "fails": 1600,
            "value": 0.9890423717786285
        },
        "attack_reached_backend": {
            "rate": 79.99639852613997,
            "count": 1600
        },
        "vus_max": {
            "value": 5,
            "min": 5,
            "max": 5
        }
    }
}