{
    "metrics": {
        "http_req_failed": {
            "passes": 0,
            "fails": 19643,
            "value": 0
        },
        "checks": {
            "passes": 19642,
            "fails": 39284,
            "value": 0.3333333333333333
        },
        "http_req_duration{expected_response:true}": {
            "p(50)": 9.5519,
            "p(95)": 13.295229999999995,
            "p(99)": 25.85698941999999,
            "count": 19643,
            "avg": 10.03684114162806,
            "min": 3.1295,
            "max": 48.7294
        },
        "iteration_duration": {
            "avg": 10.175439244476133,
            "min": 3.3768,
            "max": 48.8323,
            "p(50)": 9.68405,
            "p(95)": 13.460725000000002,
            "p(99)": 25.997550000000004,
            "count": 19642
        },
        "vus": {
            "value": 10,
            "min": 10,
            "max": 10
        },
        "http_req_tls_handshaking": {
            "p(50)": 0,
            "p(95)": 0,
            "p(99)": 0,
            "count": 19643,
            "avg": 0.004487863360993738,
            "min": 0,
            "max": 9.7751
        },
        "vus_max": {
            "value": 10,
            "min": 10,
            "max": 10
        },
        "http_req_duration": {
            "avg": 10.03684114162806,
            "min": 3.1295,
            "max": 48.7294,
            "p(50)": 9.5519,
            "p(95)": 13.295229999999995,
            "p(99)": 25.85698941999999,
            "count": 19643
        },
        "data_sent": {
            "count": 2205245,
            "rate": 110171.76475077232
        },
        "login_latency_ms": {
            "max": 48.7294,
            "p(50)": 9.55195,
            "p(95)": 13.295365000000002,
            "p(99)": 25.85704441,
            "count": 19642,
            "avg": 10.037192803431422,
            "min": 3.2358
        },
        "http_req_blocked": {
            "avg": 0.005255536323372442,
            "min": 0.0001,
            "max": 10.2095,
            "p(50)": 0.0003,
            "p(95)": 0.0004,
            "p(99)": 0.0005,
            "count": 19643
        },
        "block_rate": {
            "fails": 19642,
            "passes": 0,
            "value": 0
        },
        "http_req_connecting": {
            "count": 19643,
            "avg": 0.00031207045766939876,
            "min": 0,
            "max": 2.1144,
            "p(50)": 0,
            "p(95)": 0,
            "p(99)": 0
        },
        "http_req_waiting": {
            "p(50)": 8.421599,
            "p(95)": 12.040259899999999,
            "p(99)": 24.35126341999998,
            "count": 19643,
            "avg": 8.88376720063126,
            "min": 2.4774,
            "max": 48.5983
        },
        "http_req_receiving": {
            "p(95)": 1.9985699999999993,
            "p(99)": 3.19008999999999,
            "count": 19643,
            "avg": 1.0418108606628351,
            "min": 0.0125,
            "max": 23.5143,
            "p(50)": 0.9609
        },
        "iterations": {
            "rate": 981.2940526946755,
            "count": 19642
        },
        "http_req_sending": {
            "p(95)": 0.3287799999999996,
            "p(99)": 0.6499479999999989,
            "count": 19643,
            "avg": 0.11126308033396122,
            "min": 0.0364,
            "max": 3.3771,
            "p(50)": 0.0777
        },
        "data_received": {
            "count": 4976023,
            "rate": 248596.97464473665
        },
        "attack_reached_backend": {
            "count": 19642,
            "rate": 981.2940526946755
        },
        "http_reqs": {
            "count": 19643,
            "rate": 981.3440116628404
        }
    },
    "root_group": {
        "path": "",
        "id": "d41d8cd98f00b204e9800998ecf8427e",
        "groups": {},
        "checks": {
                "rate_limited_by_nginx (503 HTML)": {
                    "fails": 19642,
                    "name": "rate_limited_by_nginx (503 HTML)",
                    "path": "::rate_limited_by_nginx (503 HTML)",
                    "id": "c913043f5388c4a603801ccd7878f6fd",
                    "passes": 0
                },
                "backend_failure       (503 JSON)": {
                    "name": "backend_failure       (503 JSON)",
                    "path": "::backend_failure       (503 JSON)",
                    "id": "5d776f0d2fe6fff6b46a5d5ca07d3ad5",
                    "passes": 0,
                    "fails": 19642
                },
                "reached_backend       (200/401)": {
                    "name": "reached_backend       (200/401)",
                    "path": "::reached_backend       (200/401)",
                    "id": "6cda9f3631d45766b1c1352a6292f100",
                    "passes": 19642,
                    "fails": 0
                }
            },
        "name": ""
    }
}