{
    "root_group": {
        "id": "d41d8cd98f00b204e9800998ecf8427e",
        "groups": {},
        "checks": {
                "rate_limited_by_nginx (503 HTML)": {
                    "name": "rate_limited_by_nginx (503 HTML)",
                    "path": "::rate_limited_by_nginx (503 HTML)",
                    "id": "c913043f5388c4a603801ccd7878f6fd",
                    "passes": 0,
                    "fails": 19350
                },
                "backend_failure       (503 JSON)": {
                    "fails": 19350,
                    "name": "backend_failure       (503 JSON)",
                    "path": "::backend_failure       (503 JSON)",
                    "id": "5d776f0d2fe6fff6b46a5d5ca07d3ad5",
                    "passes": 0
                },
                "reached_backend       (200/401)": {
                    "id": "6cda9f3631d45766b1c1352a6292f100",
                    "passes": 19350,
                    "fails": 0,
                    "name": "reached_backend       (200/401)",
                    "path": "::reached_backend       (200/401)"
                }
            },
        "name": "",
        "path": ""
    },
    "metrics": {
        "block_rate": {
            "passes": 0,
            "fails": 19350,
            "value": 0
        },
        "data_received": {
            "count": 4910571,
            "rate": 245324.50514537515
        },
        "http_req_sending": {
            "count": 19351,
            "avg": 0.11333589948839849,
            "min": 0.0356,
            "max": 5.3981,
            "p(50)": 0.0786,
            "p(95)": 0.3295,
            "p(99)": 0.6834
        },
        "checks": {
            "passes": 19350,
            "fails": 38700,
            "value": 0.3333333333333333
        },
        "vus_max": {
            "min": 10,
            "max": 10,
            "value": 10
        },
        "http_req_duration": {
            "min": 3.2709,
            "max": 41.2361,
            "p(50)": 9.6644,
            "p(95)": 13.720249500000001,
            "p(99)": 26.7125,
            "count": 19351,
            "avg": 10.187005199627947
        },
        "http_req_duration{expected_response:true}": {
            "p(50)": 9.6644,
            "p(95)": 13.720249500000001,
            "p(99)": 26.7125,
            "count": 19351,
            "avg": 10.187005199627947,
            "min": 3.2709,
            "max": 41.2361
        },
        "attack_reached_backend": {
            "count": 19350,
            "rate": 966.6959656143877
        },
        "http_req_failed": {
            "passes": 0,
            "fails": 19351,
            "value": 0
        },
        "http_req_blocked": {
            "p(95)": 0.0004,
            "p(99)": 0.0005,
            "count": 19351,
            "avg": 0.006658606790346747,
            "min": 0.0001,
            "max": 16.8276,
            "p(50)": 0.0003
        },
        "http_req_tls_handshaking": {
            "max": 16.2454,
            "p(50)": 0,
            "p(95)": 0,
            "p(99)": 0,
            "count": 19351,
            "avg": 0.0058139475996072535,
            "min": 0
        },
        "http_req_waiting": {
            "min": 2.4513,
            "max": 40.8438,
            "p(50)": 8.5517,
            "p(95)": 12.453949999999999,
            "p(99)": 25.6257495,
            "count": 19351,
            "avg": 9.043381109968491
        },
        "login_latency_ms": {
            "max": 41.2361,
            "p(50)": 9.6644,
            "p(95)": 13.72030455,
            "p(99)": 26.71275999999996,
            "count": 19350,
            "avg": 10.187345199896662,
            "min": 3.2709
        },
        "http_reqs": {
            "count": 19351,
            "rate": 966.745924062223
        },
        "http_req_receiving": {
            "p(50)": 0.9448,
            "p(95)": 2.1045999999999996,
            "p(99)": 3.6144499999999997,
            "count": 19351,
            "avg": 1.0302881901710426,
            "min": 0.0124,
            "max": 20.1672
        },
        "iterations": {
            "count": 19350,
            "rate": 966.6959656143877
        },
        "vus": {
            "value": 10,
            "min": 10,
            "max": 10
        },
        "iteration_duration": {
            "max": 41.4431,
            "p(50)": 9.79875,
            "p(95)": 13.88267,
            "p(99)": 26.965118999999845,
            "count": 19350,
            "avg": 10.328438253281616,
            "min": 3.3867
        },
        "http_req_connecting": {
            "avg": 0.00035074156374347574,
            "min": 0,
            "max": 0.8857,
            "p(50)": 0,
            "p(95)": 0,
            "p(99)": 0,
            "count": 19351
        },
        "data_sent": {
            "count": 2173098,
            "rate": 108564.60307414443
        }
    }
}