{
    "metrics": {
        "http_reqs": {
            "count": 19607,
            "rate": 979.6250773937473
        },
        "http_req_tls_handshaking": {
            "p(95)": 0,
            "p(99)": 0,
            "count": 19607,
            "avg": 0.0040878155250675795,
            "min": 0,
            "max": 10.6961,
            "p(50)": 0
        },
        "iteration_duration": {
            "count": 19606,
            "avg": 10.194000454452695,
            "min": 2.3964,
            "max": 38.1354,
            "p(50)": 9.66365,
            "p(95)": 13.687475,
            "p(99)": 25.80366
        },
        "block_rate": {
            "passes": 0,
            "fails": 19606,
            "value": 0
        },
        "data_sent": {
            "count": 2201282,
            "rate": 109982.71278703844
        },
        "checks": {
            "passes": 19606,
            "fails": 39212,
            "value": 0.3333333333333333
        },
        "attack_reached_backend": {
            "rate": 979.57511436639,
            "count": 19606
        },
        "http_req_sending": {
            "avg": 0.11280385591880408,
            "min": 0.0371,
            "max": 4.0928,
            "p(50)": 0.0781,
            "p(95)": 0.33454000000000017,
            "p(99)": 0.6982819999999996,
            "count": 19607
        },
        "http_req_receiving": {
            "avg": 1.0173405675524043,
            "min": 0.0119,
            "max": 18.2611,
            "p(50)": 0.9411,
            "p(95)": 2.0034500000000004,
            "p(99)": 3.3570219999999984,
            "count": 19607
        },
        "http_req_duration": {
            "count": 19607,
            "avg": 10.056067751823345,
            "min": 2.257,
            "max": 38.0132,
            "p(50)": 9.5297,
            "p(95)": 13.53682,
            "p(99)": 25.690503999999997
        },
        "http_req_duration{expected_response:true}": {
            "p(99)": 25.690503999999997,
            "count": 19607,
            "avg": 10.056067751823345,
            "min": 2.257,
            "max": 38.0132,
            "p(50)": 9.5297,
            "p(95)": 13.53682
        },
        "http_req_connecting": {
            "p(50)": 0,
            "p(95)": 0,
            "p(99)": 0,
            "count": 19607,
            "avg": 0.0004091293925638804,
            "min": 0,
            "max": 1.1548
        },
        "http_req_blocked": {
            "min": 0.0001,
            "max": 11.8569,
            "p(50)": 0.0003,
            "p(95)": 0.0004,
            "p(99)": 0.0005,
            "count": 19607,
            "avg": 0.00499220681389258
        },
        "vus_max": {
            "value": 10,
            "min": 10,
            "max": 10
        },
        "login_latency_ms": {
            "min": 2.257,
            "max": 38.0132,
            "p(50)": 9.5297,
            "p(95)": 13.536850000000001,
            "p(99)": 25.69052,
            "count": 19606,
            "avg": 10.056451576558215
        },
        "http_req_failed": {
            "passes": 0,
            "fails": 19607,
            "value": 0
        },
        "http_req_waiting": {
            "p(99)": 24.420457999999993,
            "count": 19607,
            "avg": 8.925923328352136,
            "min": 1.9941,
            "max": 37.3751,
            "p(50)": 8.4178,
            "p(95)": 12.24715
        },
        "iterations": {
            "count": 19606,
            "rate": 979.57511436639
        },
        "vus": {
            "value": 10,
            "min": 10,
            "max": 10
        },
        "data_received": {
            "count": 4976805,
            "rate": 248656.2443667358
        }
    },
    "root_group": {
        "name": "",
        "path": "",
        "id": "d41d8cd98f00b204e9800998ecf8427e",
        "groups": {},
        "checks": {
                "rate_limited_by_nginx (503 HTML)": {
                    "passes": 0,
                    "fails": 19606,
                    "name": "rate_limited_by_nginx (503 HTML)",
                    "path": "::rate_limited_by_nginx (503 HTML)",
                    "id": "c913043f5388c4a603801ccd7878f6fd"
                },
                "backend_failure       (503 JSON)": {
                    "fails": 19606,
                    "name": "backend_failure       (503 JSON)",
                    "path": "::backend_failure       (503 JSON)",
                    "id": "5d776f0d2fe6fff6b46a5d5ca07d3ad5",
                    "passes": 0
                },
                "reached_backend       (200/401)": {
                    "path": "::reached_backend       (200/401)",
                    "id": "6cda9f3631d45766b1c1352a6292f100",
                    "passes": 19606,
                    "fails": 0,
                    "name": "reached_backend       (200/401)"
                }
            }
    }
}