{
    "root_group": {
        "id": "d41d8cd98f00b204e9800998ecf8427e",
        "groups": {},
        "checks": {
                "rate_limited_by_nginx (503 HTML)": {
                    "name": "rate_limited_by_nginx (503 HTML)",
                    "path": "::rate_limited_by_nginx (503 HTML)",
                    "id": "c913043f5388c4a603801ccd7878f6fd",
                    "passes": 0,
                    "fails": 18590
                },
                "backend_failure       (503 JSON)": {
                    "name": "backend_failure       (503 JSON)",
                    "path": "::backend_failure       (503 JSON)",
                    "id": "5d776f0d2fe6fff6b46a5d5ca07d3ad5",
                    "passes": 0,
                    "fails": 18590
                },
                "reached_backend       (200/401)": {
                    "fails": 0,
                    "name": "reached_backend       (200/401)",
                    "path": "::reached_backend       (200/401)",
                    "id": "6cda9f3631d45766b1c1352a6292f100",
                    "passes": 18590
                }
            },
        "name": "",
        "path": ""
    },
    "metrics": {
        "http_req_duration{expected_response:true}": {
            "max": 27.7271,
            "p(50)": 4.9901,
            "p(95)": 6.91145,
            "p(99)": 8.756019999999982,
            "count": 18591,
            "avg": 5.235131223925544,
            "min": 1.4731
        },
        "data_sent": {
            "count": 2089253,
            "rate": 104423.27513130973
        },
        "attack_reached_backend": {
            "count": 18590,
            "rate": 929.1496456824749
        },
        "data_received": {
            "count": 4715350,
            "rate": 235678.6326933221
        },
        "iteration_duration": {
            "p(99)": 9.038110000000005,
            "count": 18590,
            "avg": 5.369309719526615,
            "min": 1.6086,
            "max": 27.8269,
            "p(50)": 5.12045,
            "p(95)": 7.099664999999998
        },
        "http_req_sending": {
            "min": 0.0379,
            "max": 2.6725,
            "p(50)": 0.0823,
            "p(95)": 0.2879,
            "p(99)": 0.5449199999999953,
            "count": 18591,
            "avg": 0.1103967024904526
        },
        "http_req_waiting": {
            "p(95)": 6.28625,
            "p(99)": 8.107739899999917,
            "count": 18591,
            "avg": 4.589670491259198,
            "min": 1.2784,
            "max": 27.1585,
            "p(50)": 4.3303
        },
        "http_req_failed": {
            "passes": 0,
            "fails": 18591,
            "value": 0
        },
        "login_latency_ms": {
            "min": 1.4731,
            "max": 27.7271,
            "p(50)": 4.9901,
            "p(95)": 6.911474999999999,
            "p(99)": 8.756142000000006,
            "count": 18590,
            "avg": 5.23528336654114
        },
        "block_rate": {
            "passes": 0,
            "fails": 18590,
            "value": 0
        },
        "vus_max": {
            "value": 5,
            "min": 5,
            "max": 5
        },
        "checks": {
            "passes": 18590,
            "fails": 37180,
            "value": 0.3333333333333333
        },
        "http_reqs": {
            "count": 18591,
            "rate": 929.1996268360888
        },
        "http_req_duration": {
            "max": 27.7271,
            "p(50)": 4.9901,
            "p(95)": 6.91145,
            "p(99)": 8.756019999999982,
            "count": 18591,
            "avg": 5.235131223925544,
            "min": 1.4731
        },
        "http_req_tls_handshaking": {
            "count": 18591,
            "avg": 0.0034850680436770477,
            "min": 0,
            "max": 5.6476,
            "p(50)": 0,
            "p(95)": 0,
            "p(99)": 0
        },
        "http_req_receiving": {
            "count": 18591,
            "avg": 0.5350640301758938,
            "min": 0.0123,
            "max": 15.4633,
            "p(50)": 0.5143,
            "p(95)": 1.0494,
            "p(99)": 1.5917799999999944
        },
        "iterations": {
            "count": 18590,
            "rate": 929.1496456824749
        },
        "http_req_blocked": {
            "avg": 0.00421971921897747,
            "min": 0.0001,
            "max": 5.849,
            "p(50)": 0.0003,
            "p(95)": 0.0004,
            "p(99)": 0.0005,
            "count": 18591
        },
        "vus": {
            "value": 5,
            "min": 5,
            "max": 5
        },
        "http_req_connecting": {
            "p(99)": 0,
            "count": 18591,
            "avg": 0.0002165026087891991,
            "min": 0,
            "max": 0.2942,
            "p(50)": 0,
            "p(95)": 0
        }
    }
}