{
    "metrics": {
        "http_req_receiving": {
            "p(50)": 0.9587,
            "p(95)": 1.92539045,
            "p(99)": 2.827739000000001,
            "count": 19892,
            "avg": 1.0072053994570709,
            "min": 0.0119,
            "max": 18.207
        },
        "iterations": {
            "count": 19891,
            "rate": 993.9289835299793
        },
        "http_req_waiting": {
            "avg": 8.784582531671033,
            "min": 1.937,
            "max": 37.6971,
            "p(50)": 8.29285,
            "p(95)": 12.053605000000001,
            "p(99)": 24.194445000000005,
            "count": 19892
        },
        "attack_reached_backend": {
            "count": 19891,
            "rate": 993.9289835299793
        },
        "http_req_duration": {
            "p(99)": 25.383972000000004,
            "count": 19892,
            "avg": 9.908064313744164,
            "min": 2.4015,
            "max": 38.2138,
            "p(50)": 9.3987,
            "p(95)": 13.368390000000002
        },
        "http_req_duration{expected_response:true}": {
            "p(95)": 13.368390000000002,
            "p(99)": 25.383972000000004,
            "count": 19892,
            "avg": 9.908064313744164,
            "min": 2.4015,
            "max": 38.2138,
            "p(50)": 9.3987
        },
        "iteration_duration": {
            "min": 3.7857,
            "max": 38.4267,
            "p(50)": 9.5308,
            "p(95)": 13.546199999999999,
            "p(99)": 25.556419999999996,
            "count": 19891,
            "avg": 10.046244956965369
        },
        "checks": {
            "passes": 19891,
            "fails": 39782,
            "value": 0.3333333333333333
        },
        "block_rate": {
            "passes": 0,
            "fails": 19891,
            "value": 0
        },
        "http_req_failed": {
            "passes": 0,
            "fails": 19892,
            "value": 0
        },
        "login_latency_ms": {
            "p(50)": 9.399,
            "p(95)": 13.368500000000001,
            "p(99)": 25.384279999999954,
            "count": 19891,
            "avg": 9.908441698707904,
            "min": 3.5493,
            "max": 38.2138
        },
        "http_req_blocked": {
            "count": 19892,
            "avg": 0.00473344560627429,
            "min": 0.0001,
            "max": 8.1946,
            "p(50)": 0.0003,
            "p(95)": 0.0004,
            "p(99)": 0.0005
        },
        "http_req_sending": {
            "p(99)": 0.6963720000000001,
            "count": 19892,
            "avg": 0.11627638261612644,
            "min": 0.0381,
            "max": 6.6058,
            "p(50)": 0.0791,
            "p(95)": 0.3461450000000001
        },
        "http_req_connecting": {
            "min": 0,
            "max": 1.9349,
            "p(50)": 0,
            "p(95)": 0,
            "p(99)": 0,
            "count": 19892,
            "avg": 0.00045266438769354526
        },
        "http_req_tls_handshaking": {
            "max": 6.9222,
            "p(50)": 0,
            "p(95)": 0,
            "p(99)": 0,
            "count": 19892,
            "avg": 0.0038446209531469945,
            "min": 0
        },
        "vus": {
            "value": 10,
            "min": 10,
            "max": 10
        },
        "vus_max": {
            "value": 10,
            "min": 10,
            "max": 10
        },
        "http_reqs": {
            "count": 19892,
            "rate": 993.9789523090014
        },
        "data_sent": {
            "count": 2232618,
            "rate": 111561.19548291867
        },
        "data_received": {
            "count": 5037928,
            "rate": 251739.1109616018
        }
    },
    "root_group": {
        "name": "",
        "path": "",
        "id": "d41d8cd98f00b204e9800998ecf8427e",
        "groups": {},
        "checks": {
                "rate_limited_by_nginx (503 HTML)": {
                    "name": "rate_limited_by_nginx (503 HTML)",
                    "path": "::rate_limited_by_nginx (503 HTML)",
                    "id": "c913043f5388c4a603801ccd7878f6fd",
                    "passes": 0,
                    "fails": 19891
                },
                "backend_failure       (503 JSON)": {
                    "path": "::backend_failure       (503 JSON)",
                    "id": "5d776f0d2fe6fff6b46a5d5ca07d3ad5",
                    "passes": 0,
                    "fails": 19891,
                    "name": "backend_failure       (503 JSON)"
                },
                "reached_backend       (200/401)": {
                    "path": "::reached_backend       (200/401)",
                    "id": "6cda9f3631d45766b1c1352a6292f100",
                    "passes": 19891,
                    "fails": 0,
                    "name": "reached_backend       (200/401)"
                }
            }
    }
}