{
    "root_group": {
        "name": "",
        "path": "",
        "id": "d41d8cd98f00b204e9800998ecf8427e",
        "groups": {},
        "checks": {
                "rate_limited_by_nginx (503 HTML)": {
                    "name": "rate_limited_by_nginx (503 HTML)",
                    "path": "::rate_limited_by_nginx (503 HTML)",
                    "id": "c913043f5388c4a603801ccd7878f6fd",
                    "passes": 0,
                    "fails": 11824
                },
                "backend_failure       (503 JSON)": {
                    "path": "::backend_failure       (503 JSON)",
                    "id": "5d776f0d2fe6fff6b46a5d5ca07d3ad5",
                    "passes": 0,
                    "fails": 11824,
                    "name": "backend_failure       (503 JSON)"
                },
                "reached_backend       (200/401)": {
                    "path": "::reached_backend       (200/401)",
                    "id": "6cda9f3631d45766b1c1352a6292f100",
                    "passes": 11824,
                    "fails": 0,
                    "name": "reached_backend       (200/401)"
                }
            }
    },
    "metrics": {
        "http_req_duration{expected_response:true}": {
            "avg": 1.552485351881605,
            "min": 1.1552,
            "max": 20.7298,
            "p(50)": 1.4893,
            "p(95)": 1.9985199999999992,
            "p(99)": 2.513152,
            "count": 11825
        },
        "http_req_receiving": {
            "min": 0.0177,
            "max": 2.4859,
            "p(50)": 0.0723,
            "p(95)": 0.17947999999999992,
            "p(99)": 0.31779200000000035,
            "count": 11825,
            "avg": 0.08378095619450308
        },
        "data_received": {
            "count": 2984867,
            "rate": 149166.2236189944
        },
        "block_rate": {
            "passes": 0,
            "fails": 11824,
            "value": 0
        },
        "iterations": {
            "count": 11824,
            "rate": 590.8944780692037
        },
        "http_req_blocked": {
            "avg": 0.0037489642283300784,
            "min": 0.0002,
            "max": 4.3135,
            "p(50)": 0.0003,
            "p(95)": 0.0004,
            "p(99)": 0.0005,
            "count": 11825
        },
        "login_latency_ms": {
            "min": 1.1552,
            "max": 20.7298,
            "p(50)": 1.4892500000000002,
            "p(95)": 1.9976200000000004,
            "p(99)": 2.512379000000001,
            "count": 11824,
            "avg": 1.5522460661366695
        },
        "attack_reached_backend": {
            "count": 11824,
            "rate": 590.8944780692037
        },
        "iteration_duration": {
            "p(50)": 1.60635,
            "p(95)": 2.18237,
            "p(99)": 2.809484000000004,
            "count": 11824,
            "avg": 1.682630437838301,
            "min": 1.2442,
            "max": 20.9229
        },
        "http_req_sending": {
            "count": 11825,
            "avg": 0.09870810241014781,
            "min": 0.0501,
            "max": 2.095,
            "p(50)": 0.0913,
            "p(95)": 0.1489,
            "p(99)": 0.2539080000000002
        },
        "vus_max": {
            "min": 1,
            "max": 1,
            "value": 1
        },
        "http_req_tls_handshaking": {
            "avg": 0.0030111036786469344,
            "min": 0,
            "max": 3.686,
            "p(50)": 0,
            "p(95)": 0,
            "p(99)": 0,
            "count": 11825
        },
        "http_req_failed": {
            "passes": 0,
            "fails": 11825,
            "value": 0
        },
        "http_req_waiting": {
            "p(95)": 1.7625799999999998,
            "p(99)": 2.1896160000000005,
            "count": 11825,
            "avg": 1.369996293276956,
            "min": 0.4606,
            "max": 20.3538,
            "p(50)": 1.3174
        },
        "http_req_duration": {
            "max": 20.7298,
            "p(50)": 1.4893,
            "p(95)": 1.9985199999999992,
            "p(99)": 2.513152,
            "count": 11825,
            "avg": 1.552485351881605,
            "min": 1.1552
        },
        "http_req_connecting": {
            "count": 11825,
            "avg": 0.00023819035940803385,
            "min": 0,
            "max": 0.2699,
            "p(50)": 0,
            "p(95)": 0,
            "p(99)": 0
        },
        "vus": {
            "value": 1,
            "min": 1,
            "max": 1
        },
        "http_reqs": {
            "count": 11825,
            "rate": 590.9444522300689
        },
        "data_sent": {
            "count": 1328285,
            "rate": 66379.92826472872
        },
        "checks": {
            "passes": 11824,
            "fails": 23648,
            "value": 0.3333333333333333
        }
    }
}