{
    "root_group": {
        "checks": {
            "rate_limited_by_nginx (503 HTML)": {
                "name": "rate_limited_by_nginx (503 HTML)",
                "path": "::rate_limited_by_nginx (503 HTML)",
                "id": "c913043f5388c4a603801ccd7878f6fd",
                "passes": 0,
                "fails": 11461
            },
            "backend_failure       (503 JSON)": {
                "passes": 0,
                "fails": 11461,
                "name": "backend_failure       (503 JSON)",
                "path": "::backend_failure       (503 JSON)",
                "id": "5d776f0d2fe6fff6b46a5d5ca07d3ad5"
            },
            "reached_backend       (200/401)": {
                "passes": 11461,
                "fails": 0,
                "name": "reached_backend       (200/401)",
                "path": "::reached_backend       (200/401)",
                "id": "6cda9f3631d45766b1c1352a6292f100"
            }
        },
        "name": "",
        "path": "",
        "id": "d41d8cd98f00b204e9800998ecf8427e",
        "groups": {}
    },
    "metrics": {
        "iteration_duration": {
            "p(95)": 2.3691,
            "p(99)": 3.086459999999998,
            "count": 11461,
            "avg": 1.7355909541924792,
            "min": 1.2658,
            "max": 26.2142,
            "p(50)": 1.6401
        },
        "vus": {
            "value": 1,
            "min": 1,
            "max": 1
        },
        "http_req_waiting": {
            "avg": 1.408818244721685,
            "min": 0.8773,
            "max": 25.3174,
            "p(50)": 1.3428,
            "p(95)": 1.8790849999999997,
            "p(99)": 2.4132149999999952,
            "count": 11462
        },
        "checks": {
            "passes": 11461,
            "fails": 22922,
            "value": 0.3333333333333333
        },
        "http_req_receiving": {
            "p(99)": 0.33822899999999934,
            "count": 11462,
            "avg": 0.08616867928808251,
            "min": 0.0176,
            "max": 2.4271,
            "p(50)": 0.0734,
            "p(95)": 0.18319499999999989
        },
        "block_rate": {
            "passes": 0,
            "fails": 11461,
            "value": 0
        },
        "http_req_failed": {
            "passes": 0,
            "fails": 11462,
            "value": 0
        },
        "iterations": {
            "count": 11461,
            "rate": 572.8592514460328
        },
        "vus_max": {
            "value": 1,
            "min": 1,
            "max": 1
        },
        "http_req_duration{expected_response:true}": {
            "p(99)": 2.7511289999999993,
            "count": 11462,
            "avg": 1.5976193356307906,
            "min": 1.1645,
            "max": 25.8918,
            "p(50)": 1.5182,
            "p(95)": 2.1388
        },
        "http_reqs": {
            "rate": 572.9092348027596,
            "count": 11462
        },
        "http_req_duration": {
            "p(95)": 2.1388,
            "p(99)": 2.7511289999999993,
            "count": 11462,
            "avg": 1.5976193356307906,
            "min": 1.1645,
            "max": 25.8918,
            "p(50)": 1.5182
        },
        "http_req_sending": {
            "min": 0.0479,
            "max": 1.5042,
            "p(50)": 0.0937,
            "p(95)": 0.1579,
            "p(99)": 0.25125599999999976,
            "count": 11462,
            "avg": 0.10263241162100864
        },
        "login_latency_ms": {
            "p(50)": 1.5182,
            "p(95)": 2.1388,
            "p(99)": 2.7511399999999995,
            "count": 11461,
            "avg": 1.5975350863799078,
            "min": 1.1645,
            "max": 25.8918
        },
        "http_req_blocked": {
            "avg": 0.0037306752748213425,
            "min": 0.0002,
            "max": 3.5282,
            "p(50)": 0.0003,
            "p(95)": 0.0004,
            "p(99)": 0.0005,
            "count": 11462
        },
        "http_req_connecting": {
            "p(50)": 0,
            "p(95)": 0,
            "p(99)": 0,
            "count": 11462,
            "avg": 0.0002362676670738091,
            "min": 0,
            "max": 0.2395
        },
        "data_sent": {
            "count": 1288235,
            "rate": 64390.3095529692
        },
        "http_req_tls_handshaking": {
            "p(95)": 0,
            "p(99)": 0,
            "count": 11462,
            "avg": 0.0029941894957250044,
            "min": 0,
            "max": 3.135,
            "p(50)": 0
        },
        "attack_reached_backend": {
            "count": 11461,
            "rate": 572.8592514460328
        },
        "data_received": {
            "count": 2892925,
            "rate": 144598.1022589228
        }
    }
}