{
    "root_group": {
        "name": "",
        "path": "",
        "id": "d41d8cd98f00b204e9800998ecf8427e",
        "groups": {},
        "checks": {
                "rate_limited_by_nginx (503 HTML)": {
                    "path": "::rate_limited_by_nginx (503 HTML)",
                    "id": "c913043f5388c4a603801ccd7878f6fd",
                    "passes": 0,
                    "fails": 18515,
                    "name": "rate_limited_by_nginx (503 HTML)"
                },
                "backend_failure       (503 JSON)": {
                    "name": "backend_failure       (503 JSON)",
                    "path": "::backend_failure       (503 JSON)",
                    "id": "5d776f0d2fe6fff6b46a5d5ca07d3ad5",
                    "passes": 0,
                    "fails": 18515
                },
                "reached_backend       (200/401)": {
                    "name": "reached_backend       (200/401)",
                    "path": "::reached_backend       (200/401)",
                    "id": "6cda9f3631d45766b1c1352a6292f100",
                    "passes": 18515,
                    "fails": 0
                }
            }
    },
    "metrics": {
        "http_req_duration{expected_response:true}": {
            "max": 27.5292,
            "p(50)": 5.0197,
            "p(95)": 7.013699750000001,
            "p(99)": 8.963644999999989,
            "count": 18516,
            "avg": 5.257713885072345,
            "min": 1.5947
        },
        "vus": {
            "max": 5,
            "value": 5,
            "min": 5
        },
        "http_req_duration": {
            "avg": 5.257713885072345,
            "min": 1.5947,
            "max": 27.5292,
            "p(50)": 5.0197,
            "p(95)": 7.013699750000001,
            "p(99)": 8.963644999999989,
            "count": 18516
        },
        "http_reqs": {
            "count": 18516,
            "rate": 925.2895303962824
        },
        "checks": {
            "passes": 18515,
            "fails": 37030,
            "value": 0.3333333333333333
        },
        "http_req_receiving": {
            "max": 20.2335,
            "p(50)": 0.5063,
            "p(95)": 1.066625,
            "p(99)": 1.6698398499999993,
            "count": 18516,
            "avg": 0.5319332528083787,
            "min": 0.0113
        },
        "login_latency_ms": {
            "max": 27.5292,
            "p(50)": 5.0197,
            "p(95)": 7.013799699999999,
            "p(99)": 8.963722000000004,
            "count": 18515,
            "avg": 5.257810845044534,
            "min": 1.5947
        },
        "iteration_duration": {
            "p(95)": 7.197649999999999,
            "p(99)": 9.289632000000003,
            "count": 18515,
            "avg": 5.3914089791520245,
            "min": 1.685,
            "max": 27.706,
            "p(50)": 5.142599
        },
        "http_req_sending": {
            "p(99)": 0.5232399999999994,
            "count": 18516,
            "avg": 0.10616637275869464,
            "min": 0.0368,
            "max": 2.8566,
            "p(50)": 0.0815,
            "p(95)": 0.27415
        },
        "data_received": {
            "count": 4683365,
            "rate": 234039.13380451422
        },
        "attack_reached_backend": {
            "count": 18515,
            "rate": 925.2395579653904
        },
        "block_rate": {
            "passes": 0,
            "fails": 18515,
            "value": 0
        },
        "vus_max": {
            "min": 5,
            "max": 5,
            "value": 5
        },
        "http_req_waiting": {
            "avg": 4.619614259505317,
            "min": 1.362,
            "max": 27.3458,
            "p(50)": 4.3728995,
            "p(95)": 6.377425000000001,
            "p(99)": 8.318914699999992,
            "count": 18516
        },
        "data_sent": {
            "count": 2080990,
            "rate": 103992.12896194425
        },
        "http_req_blocked": {
            "avg": 0.004319561190322426,
            "min": 0.0001,
            "max": 6.6068,
            "p(50)": 0.0003,
            "p(95)": 0.0004,
            "p(99)": 0.0005,
            "count": 18516
        },
        "http_req_tls_handshaking": {
            "max": 6.0062,
            "p(50)": 0,
            "p(95)": 0,
            "p(99)": 0,
            "count": 18516,
            "avg": 0.003475458846403111,
            "min": 0
        },
        "http_req_connecting": {
            "avg": 0.00031403650896521927,
            "min": 0,
            "max": 0.6988,
            "p(50)": 0,
            "p(95)": 0,
            "p(99)": 0,
            "count": 18516
        },
        "iterations": {
            "count": 18515,
            "rate": 925.2395579653904
        },
        "http_req_failed": {
            "passes": 0,
            "fails": 18516,
            "value": 0
        }
    }
}