{
    "root_group": {
        "name": "",
        "path": "",
        "id": "d41d8cd98f00b204e9800998ecf8427e",
        "groups": {},
        "checks": {
                "rate_limited_by_nginx (503 HTML)": {
                    "path": "::rate_limited_by_nginx (503 HTML)",
                    "id": "c913043f5388c4a603801ccd7878f6fd",
                    "passes": 0,
                    "fails": 20517,
                    "name": "rate_limited_by_nginx (503 HTML)"
                },
                "backend_failure       (503 JSON)": {
                    "name": "backend_failure       (503 JSON)",
                    "path": "::backend_failure       (503 JSON)",
                    "id": "5d776f0d2fe6fff6b46a5d5ca07d3ad5",
                    "passes": 0,
                    "fails": 20517
                },
                "reached_backend       (200/401)": {
                    "name": "reached_backend       (200/401)",
                    "path": "::reached_backend       (200/401)",
                    "id": "6cda9f3631d45766b1c1352a6292f100",
                    "passes": 20517,
                    "fails": 0
                }
            }
    },
    "metrics": {
        "attack_reached_backend": {
            "count": 20517,
            "rate": 1024.937637259326
        },
        "vus_max": {
            "value": 20,
            "min": 20,
            "max": 20
        },
        "http_req_blocked": {
            "avg": 0.016213758894634202,
            "min": 0.0001,
            "max": 27.561401,
            "p(50)": 0.0003,
            "p(95)": 0.0004,
            "p(99)": 0.0005,
            "count": 20518
        },
        "http_req_duration{expected_response:true}": {
            "min": 2.7477,
            "max": 68.500404,
            "p(50)": 18.2462005,
            "p(95)": 27.444431999999992,
            "p(99)": 42.55511034,
            "count": 20518,
            "avg": 19.329019303440898
        },
        "http_req_sending": {
            "p(99)": 0.9735629999999885,
            "count": 20518,
            "avg": 0.12095702173701062,
            "min": 0.036,
            "max": 4.649,
            "p(50)": 0.0688,
            "p(95)": 0.4052299999999996
        },
        "iteration_duration": {
            "count": 20517,
            "avg": 19.490090775990698,
            "min": 4.1249,
            "max": 68.900604,
            "p(50)": 18.393201,
            "p(95)": 27.785560800000003,
            "p(99)": 42.99862916000001
        },
        "http_req_receiving": {
            "avg": 2.116477722926221,
            "min": 0.0108,
            "max": 27.210601,
            "p(50)": 1.9698,
            "p(95)": 3.9524799999999973,
            "p(99)": 5.692466,
            "count": 20518
        },
        "block_rate": {
            "passes": 0,
            "fails": 20517,
            "value": 0
        },
        "checks": {
            "passes": 20517,
            "fails": 41034,
            "value": 0.3333333333333333
        },
        "http_reqs": {
            "count": 20518,
            "rate": 1024.987592790703
        },
        "login_latency_ms": {
            "avg": 19.329827478091353,
            "min": 3.9466,
            "max": 68.500404,
            "p(50)": 18.246201,
            "p(95)": 27.444642000000005,
            "p(99)": 42.55513332,
            "count": 20517
        },
        "http_req_waiting": {
            "p(50)": 15.999751,
            "p(95)": 24.867415,
            "p(99)": 39.78710599999983,
            "count": 20518,
            "avg": 17.09158455877769,
            "min": 2.2317,
            "max": 63.656904
        },
        "iterations": {
            "count": 20517,
            "rate": 1024.937637259326
        },
        "data_received": {
            "count": 5247717,
            "rate": 262152.49125045567
        },
        "http_req_duration": {
            "count": 20518,
            "avg": 19.329019303440898,
            "min": 2.7477,
            "max": 68.500404,
            "p(50)": 18.2462005,
            "p(95)": 27.444431999999992,
            "p(99)": 42.55511034
        },
        "http_req_failed": {
            "passes": 0,
            "fails": 20518,
            "value": 0
        },
        "vus": {
            "min": 20,
            "max": 20,
            "value": 20
        },
        "http_req_tls_handshaking": {
            "max": 26.823801,
            "p(50)": 0,
            "p(95)": 0,
            "p(99)": 0,
            "count": 20518,
            "avg": 0.014422517009455115,
            "min": 0
        },
        "http_req_connecting": {
            "p(99)": 0,
            "count": 20518,
            "avg": 0.0012937957403255677,
            "min": 0,
            "max": 1.9208,
            "p(50)": 0,
            "p(95)": 0
        },
        "data_sent": {
            "count": 2338335,
            "rate": 116812.76746214292
        }
    }
}