{
    "root_group": {
        "name": "",
        "path": "",
        "id": "d41d8cd98f00b204e9800998ecf8427e",
        "groups": {},
        "checks": {
                "rate_limited_by_nginx (503 HTML)": {
                    "name": "rate_limited_by_nginx (503 HTML)",
                    "path": "::rate_limited_by_nginx (503 HTML)",
                    "id": "c913043f5388c4a603801ccd7878f6fd",
                    "passes": 0,
                    "fails": 11722
                },
                "backend_failure       (503 JSON)": {
                    "name": "backend_failure       (503 JSON)",
                    "path": "::backend_failure       (503 JSON)",
                    "id": "5d776f0d2fe6fff6b46a5d5ca07d3ad5",
                    "passes": 0,
                    "fails": 11722
                },
                "reached_backend       (200/401)": {
                    "name": "reached_backend       (200/401)",
                    "path": "::reached_backend       (200/401)",
                    "id": "6cda9f3631d45766b1c1352a6292f100",
                    "passes": 11722,
                    "fails": 0
                }
            }
    },
    "metrics": {
        "http_req_sending": {
            "count": 11723,
            "avg": 0.10041105587306981,
            "min": 0.0469,
            "max": 3.0535,
            "p(50)": 0.092,
            "p(95)": 0.15277999999999992,
            "p(99)": 0.24665600000000013
        },
        "http_req_waiting": {
            "p(50)": 1.3192,
            "p(95)": 1.80998,
            "p(99)": 2.329338000000005,
            "count": 11723,
            "avg": 1.381305957178185,
            "min": 0.5545,
            "max": 18.6926
        },
        "http_req_duration": {
            "p(95)": 2.05599,
            "p(99)": 2.6638860000000024,
            "count": 11723,
            "avg": 1.5654335617162864,
            "min": 1.1457,
            "max": 18.8486,
            "p(50)": 1.4938
        },
        "data_received": {
            "count": 2959243,
            "rate": 147890.40431267084
        },
        "http_req_blocked": {
            "p(95)": 0.0004,
            "p(99)": 0.0005,
            "count": 11723,
            "avg": 0.003765921692399783,
            "min": 0.0002,
            "max": 4.8853,
            "p(50)": 0.0003
        },
        "http_req_tls_handshaking": {
            "max": 4.3396,
            "p(50)": 0,
            "p(95)": 0,
            "p(99)": 0,
            "count": 11723,
            "avg": 0.003050541670220933,
            "min": 0
        },
        "block_rate": {
            "passes": 0,
            "fails": 11722,
            "value": 0
        },
        "http_req_duration{expected_response:true}": {
            "count": 11723,
            "avg": 1.5654335617162864,
            "min": 1.1457,
            "max": 18.8486,
            "p(50)": 1.4938,
            "p(95)": 2.05599,
            "p(99)": 2.6638860000000024
        },
        "iterations": {
            "count": 11722,
            "rate": 585.8158047017861
        },
        "http_req_failed": {
            "fails": 11723,
            "passes": 0,
            "value": 0
        },
        "data_sent": {
            "count": 1317027,
            "rate": 65819.41919629578
        },
        "checks": {
            "passes": 11722,
            "fails": 23444,
            "value": 0.3333333333333333
        },
        "vus": {
            "value": 1,
            "min": 1,
            "max": 1
        },
        "http_req_connecting": {
            "count": 11723,
            "avg": 0.00024115840655122405,
            "min": 0,
            "max": 0.2644,
            "p(50)": 0,
            "p(95)": 0,
            "p(99)": 0
        },
        "http_req_receiving": {
            "avg": 0.08371654866501786,
            "min": 0.0162,
            "max": 2.7429,
            "p(50)": 0.0725,
            "p(95)": 0.17187999999999992,
            "p(99)": 0.3224340000000002,
            "count": 11723
        },
        "vus_max": {
            "value": 1,
            "min": 1,
            "max": 1
        },
        "login_latency_ms": {
            "avg": 1.5653116741170467,
            "min": 1.1457,
            "max": 18.8486,
            "p(50)": 1.4938,
            "p(95)": 2.0558949999999996,
            "p(99)": 2.6601599999999963,
            "count": 11722
        },
        "attack_reached_backend": {
            "count": 11722,
            "rate": 585.8158047017861
        },
        "http_reqs": {
            "count": 11723,
            "rate": 585.8657804571778
        },
        "iteration_duration": {
            "count": 11722,
            "avg": 1.6970853137689816,
            "min": 1.2226,
            "max": 19.1061,
            "p(50)": 1.6104,
            "p(95)": 2.25839,
            "p(99)": 2.9867769999999942
        }
    }
}