{
    "root_group": {
        "name": "",
        "path": "",
        "id": "d41d8cd98f00b204e9800998ecf8427e",
        "groups": {},
        "checks": {
                "rate_limited_by_nginx (503 HTML)": {
                    "fails": 418,
                    "name": "rate_limited_by_nginx (503 HTML)",
                    "path": "::rate_limited_by_nginx (503 HTML)",
                    "id": "c913043f5388c4a603801ccd7878f6fd",
                    "passes": 40160
                },
                "backend_failure       (503 JSON)": {
                    "name": "backend_failure       (503 JSON)",
                    "path": "::backend_failure       (503 JSON)",
                    "id": "5d776f0d2fe6fff6b46a5d5ca07d3ad5",
                    "passes": 0,
                    "fails": 40578
                },
                "reached_backend       (200/401)": {
                    "name": "reached_backend       (200/401)",
                    "path": "::reached_backend       (200/401)",
                    "id": "6cda9f3631d45766b1c1352a6292f100",
                    "passes": 418,
                    "fails": 40160
                }
            }
    },
    "metrics": {
        "vus": {
            "value": 1,
            "min": 1,
            "max": 1
        },
        "http_req_duration": {
            "p(95)": 0.4705,
            "p(99)": 1.8164420000000012,
            "count": 40579,
            "avg": 0.3768702791838143,
            "min": 0.0244,
            "max": 4.2023,
            "p(50)": 0.3514
        },
        "ratelimit_503": {
            "count": 40160,
            "rate": 2007.0495842486869
        },
        "http_reqs": {
            "count": 40579,
            "rate": 2027.9896683074567
        },
        "http_req_waiting": {
            "min": 0,
            "max": 4.0862,
            "p(50)": 0.1923,
            "p(95)": 0.3,
            "p(99)": 1.6512260000000039,
            "count": 40579,
            "avg": 0.21720745533404204
        },
        "data_received": {
            "count": 14407711,
            "rate": 720044.5809891741
        },
        "http_req_blocked": {
            "p(99)": 0.0004,
            "count": 40579,
            "avg": 0.0035173735429660856,
            "min": 0.0002,
            "max": 5.5601,
            "p(50)": 0.0003,
            "p(95)": 0.0003
        },
        "block_rate": {
            "passes": 40160,
            "fails": 418,
            "value": 0.98969885159446
        },
        "http_req_connecting": {
            "p(50)": 0,
            "p(95)": 0,
            "p(99)": 0,
            "count": 40579,
            "avg": 0.00026554377880184336,
            "min": 0,
            "max": 1.2245
        },
        "iteration_duration": {
            "p(50)": 0.453,
            "p(95)": 0.5976,
            "p(99)": 1.9897760000000038,
            "count": 40578,
            "avg": 0.48617131386465606,
            "min": 0.2196,
            "max": 5.3669
        },
        "http_req_duration{expected_response:true}": {
            "p(95)": 0.4705,
            "p(99)": 1.8164420000000012,
            "count": 40579,
            "avg": 0.3768702791838143,
            "min": 0.0244,
            "max": 4.2023,
            "p(50)": 0.3514
        },
        "iterations": {
            "count": 40578,
            "rate": 2027.9396919731876
        },
        "http_req_sending": {
            "avg": 0.09067774991990685,
            "min": 0,
            "max": 2.4378,
            "p(50)": 0.0874,
            "p(95)": 0.1257,
            "p(99)": 0.2051760000000009,
            "count": 40579
        },
        "data_sent": {
            "count": 4593379,
            "rate": 229560.24432885082
        },
        "vus_max": {
            "min": 1,
            "max": 1,
            "value": 1
        },
        "checks": {
            "passes": 40578,
            "fails": 81156,
            "value": 0.3333333333333333
        },
        "http_req_tls_handshaking": {
            "max": 4.9905,
            "p(50)": 0,
            "p(95)": 0,
            "p(99)": 0,
            "count": 40579,
            "avg": 0.0027836122132137314,
            "min": 0
        },
        "http_req_receiving": {
            "min": 0.0127,
            "max": 3.3747,
            "p(50)": 0.0647,
            "p(95)": 0.12250999999999986,
            "p(99)": 0.1691,
            "count": 40579,
            "avg": 0.06898507392986539
        },
        "login_latency_ms": {
            "avg": 0.3768136048844201,
            "min": 0.0244,
            "max": 4.2023,
            "p(50)": 0.3513505,
            "p(95)": 0.47041500000000014,
            "p(99)": 1.8152760000000039,
            "count": 40578
        },
        "http_req_failed": {
            "passes": 0,
            "fails": 40579,
            "value": 0
        },
        "attack_reached_backend": {
            "count": 418,
            "rate": 20.890107724500773
        }
    }
}