{
    "root_group": {
        "name": "",
        "path": "",
        "id": "d41d8cd98f00b204e9800998ecf8427e",
        "groups": {},
        "checks": {
                "rate_limited_by_nginx (503 HTML)": {
                    "id": "c913043f5388c4a603801ccd7878f6fd",
                    "passes": 153097,
                    "fails": 415,
                    "name": "rate_limited_by_nginx (503 HTML)",
                    "path": "::rate_limited_by_nginx (503 HTML)"
                },
                "backend_failure       (503 JSON)": {
                    "fails": 153512,
                    "name": "backend_failure       (503 JSON)",
                    "path": "::backend_failure       (503 JSON)",
                    "id": "5d776f0d2fe6fff6b46a5d5ca07d3ad5",
                    "passes": 0
                },
                "reached_backend       (200/401)": {
                    "name": "reached_backend       (200/401)",
                    "path": "::reached_backend       (200/401)",
                    "id": "6cda9f3631d45766b1c1352a6292f100",
                    "passes": 415,
                    "fails": 153097
                }
            }
    },
    "metrics": {
        "attack_reached_backend": {
            "rate": 20.73930294855669,
            "count": 415
        },
        "http_req_sending": {
            "p(99)": 0.4192,
            "count": 153513,
            "avg": 0.08231176151205902,
            "min": 0,
            "max": 5.7231,
            "p(50)": 0.0595,
            "p(95)": 0.2292
        },
        "http_req_waiting": {
            "p(95)": 0.9973,
            "p(99)": 1.8930880000000005,
            "count": 153513,
            "avg": 0.4061134014708816,
            "min": 0,
            "max": 46.4603,
            "p(50)": 0.3099
        },
        "login_latency_ms": {
            "count": 153512,
            "avg": 0.5301198740945411,
            "min": 0.0127,
            "max": 46.5415,
            "p(50)": 0.4254,
            "p(95)": 1.1426,
            "p(99)": 2.1232669999999954
        },
        "block_rate": {
            "passes": 153097,
            "fails": 415,
            "value": 0.9972966282766168
        },
        "iteration_duration": {
            "p(99)": 2.419146999999965,
            "count": 153512,
            "avg": 0.6438876058679475,
            "min": 0.1633,
            "max": 46.6202,
            "p(50)": 0.529,
            "p(95)": 1.292
        },
        "http_req_receiving": {
            "min": 0.0062,
            "max": 6.8028,
            "p(50)": 0.0223,
            "p(95)": 0.1102,
            "p(99)": 0.3543,
            "count": 153513,
            "avg": 0.041709696683672984
        },
        "http_req_connecting": {
            "max": 2.2376,
            "p(50)": 0,
            "p(95)": 0,
            "p(99)": 0,
            "count": 153513,
            "avg": 0.00024391093913870486,
            "min": 0
        },
        "http_req_blocked": {
            "avg": 0.004000233205005444,
            "min": 0.0001,
            "max": 6.5285,
            "p(50)": 0.0003,
            "p(95)": 0.0004,
            "p(99)": 0.0004,
            "count": 153513
        },
        "data_sent": {
            "count": 17224754,
            "rate": 860793.7142659365
        },
        "checks": {
            "fails": 307024,
            "passes": 153512,
            "value": 0.3333333333333333
        },
        "data_received": {
            "rate": 2730011.497061472,
            "count": 54628392
        },
        "http_req_tls_handshaking": {
            "avg": 0.0033012474513559134,
            "min": 0,
            "max": 6.15,
            "p(50)": 0,
            "p(95)": 0,
            "p(99)": 0,
            "count": 153513
        },
        "ratelimit_503": {
            "count": 153097,
            "rate": 7650.9037675064665
        },
        "http_req_failed": {
            "passes": 0,
            "fails": 153513,
            "value": 0
        },
        "http_req_duration": {
            "p(50)": 0.4254,
            "p(95)": 1.1426399999999994,
            "p(99)": 2.1233880000000007,
            "count": 153513,
            "avg": 0.5301348596666157,
            "min": 0.0127,
            "max": 46.5415
        },
        "iterations": {
            "count": 153512,
            "rate": 7671.643070455024
        },
        "vus": {
            "min": 5,
            "max": 5,
            "value": 5
        },
        "http_reqs": {
            "rate": 7671.693044678996,
            "count": 153513
        },
        "vus_max": {
            "value": 5,
            "min": 5,
            "max": 5
        },
        "http_req_duration{expected_response:true}": {
            "avg": 0.5301348596666157,
            "min": 0.0127,
            "max": 46.5415,
            "p(50)": 0.4254,
            "p(95)": 1.1426399999999994,
            "p(99)": 2.1233880000000007,
            "count": 153513
        }
    }
}