{
    "root_group": {
        "name": "",
        "path": "",
        "id": "d41d8cd98f00b204e9800998ecf8427e",
        "groups": {},
        "checks": {
                "rate_limited_by_nginx (503 HTML)": {
                    "path": "::rate_limited_by_nginx (503 HTML)",
                    "id": "c913043f5388c4a603801ccd7878f6fd",
                    "passes": 219333,
                    "fails": 418,
                    "name": "rate_limited_by_nginx (503 HTML)"
                },
                "backend_failure       (503 JSON)": {
                    "name": "backend_failure       (503 JSON)",
                    "path": "::backend_failure       (503 JSON)",
                    "id": "5d776f0d2fe6fff6b46a5d5ca07d3ad5",
                    "passes": 0,
                    "fails": 219751
                },
                "reached_backend       (200/401)": {
                    "fails": 219333,
                    "name": "reached_backend       (200/401)",
                    "path": "::reached_backend       (200/401)",
                    "id": "6cda9f3631d45766b1c1352a6292f100",
                    "passes": 418
                }
            }
    },
    "metrics": {
        "iterations": {
            "count": 219751,
            "rate": 10981.922758999119
        },
        "iteration_duration": {
            "p(99)": 3.3548,
            "count": 219751,
            "avg": 0.902123853311263,
            "min": 0.1402,
            "max": 35.8971,
            "p(50)": 0.7302,
            "p(95)": 2.0509
        },
        "http_req_tls_handshaking": {
            "min": 0,
            "max": 9.7884,
            "p(50)": 0,
            "p(95)": 0,
            "p(99)": 0,
            "count": 219752,
            "avg": 0.0036980532645891732
        },
        "http_req_blocked": {
            "avg": 0.0044308502402737385,
            "min": 0.0001,
            "max": 10.5808,
            "p(50)": 0.0003,
            "p(95)": 0.0004,
            "p(99)": 0.0004,
            "count": 219752
        },
        "checks": {
            "fails": 439502,
            "passes": 219751,
            "value": 0.3333333333333333
        },
        "data_received": {
            "rate": 3904538.6275093746,
            "count": 78130787
        },
        "login_latency_ms": {
            "avg": 0.7867814831195122,
            "min": 0.0115,
            "max": 35.83,
            "p(50)": 0.6261,
            "p(95)": 1.89105,
            "p(99)": 3.0581,
            "count": 219751
        },
        "attack_reached_backend": {
            "count": 418,
            "rate": 20.889296127260543
        },
        "http_req_duration{expected_response:true}": {
            "p(95)": 1.8911,
            "p(99)": 3.0581,
            "count": 219752,
            "avg": 0.7867905402316971,
            "min": 0.0115,
            "max": 35.83,
            "p(50)": 0.6261
        },
        "http_reqs": {
            "count": 219752,
            "rate": 10981.972733391769
        },
        "http_req_sending": {
            "p(50)": 0.0543,
            "p(95)": 0.2409,
            "p(99)": 0.5501,
            "count": 219752,
            "avg": 0.08250593483108988,
            "min": 0,
            "max": 10.1842
        },
        "block_rate": {
            "passes": 219333,
            "fails": 418,
            "value": 0.9980978471087731
        },
        "http_req_duration": {
            "p(95)": 1.8911,
            "p(99)": 3.0581,
            "count": 219752,
            "avg": 0.7867905402316971,
            "min": 0.0115,
            "max": 35.83,
            "p(50)": 0.6261
        },
        "http_req_waiting": {
            "min": 0,
            "max": 35.7435,
            "p(50)": 0.4771,
            "p(95)": 1.6539,
            "p(99)": 2.7433469999999973,
            "count": 219752,
            "avg": 0.6250225727911609
        },
        "ratelimit_503": {
            "rate": 10961.03346287186,
            "count": 219333
        },
        "http_req_receiving": {
            "avg": 0.07926203260948746,
            "min": 0.0066,
            "max": 6.3921,
            "p(50)": 0.0285,
            "p(95)": 0.2900449999999983,
            "p(99)": 0.6701,
            "count": 219752
        },
        "http_req_failed": {
            "passes": 0,
            "fails": 219752,
            "value": 0
        },
        "vus": {
            "value": 10,
            "min": 10,
            "max": 10
        },
        "http_req_connecting": {
            "p(50)": 0,
            "p(95)": 0,
            "p(99)": 0,
            "count": 219752,
            "avg": 0.00025841038989406244,
            "min": 0,
            "max": 2.8233
        },
        "data_sent": {
            "count": 24698185,
            "rate": 1234276.7949063743
        },
        "vus_max": {
            "value": 10,
            "min": 10,
            "max": 10
        }
    }
}