{
    "root_group": {
        "name": "",
        "path": "",
        "id": "d41d8cd98f00b204e9800998ecf8427e",
        "groups": {},
        "checks": {
                "rate_limited_by_nginx (503 HTML)": {
                    "name": "rate_limited_by_nginx (503 HTML)",
                    "path": "::rate_limited_by_nginx (503 HTML)",
                    "id": "c913043f5388c4a603801ccd7878f6fd",
                    "passes": 153331,
                    "fails": 400
                },
                "backend_failure       (503 JSON)": {
                    "path": "::backend_failure       (503 JSON)",
                    "id": "5d776f0d2fe6fff6b46a5d5ca07d3ad5",
                    "passes": 0,
                    "fails": 153731,
                    "name": "backend_failure       (503 JSON)"
                },
                "reached_backend       (200/401)": {
                    "name": "reached_backend       (200/401)",
                    "path": "::reached_backend       (200/401)",
                    "id": "6cda9f3631d45766b1c1352a6292f100",
                    "passes": 400,
                    "fails": 153331
                }
            }
    },
    "metrics": {
        "iterations": {
            "count": 153731,
            "rate": 7683.513908653485
        },
        "vus": {
            "value": 5,
            "min": 5,
            "max": 5
        },
        "http_req_failed": {
            "passes": 0,
            "fails": 153732,
            "value": 0
        },
        "checks": {
            "passes": 153731,
            "fails": 307462,
            "value": 0.3333333333333333
        },
        "http_reqs": {
            "count": 153732,
            "rate": 7683.563888904109
        },
        "http_req_tls_handshaking": {
            "count": 153732,
            "avg": 0.0032597923659355237,
            "min": 0,
            "max": 6.6131,
            "p(50)": 0,
            "p(95)": 0,
            "p(99)": 0
        },
        "http_req_receiving": {
            "p(50)": 0.0223,
            "p(95)": 0.108,
            "p(99)": 0.35716900000000024,
            "count": 153732,
            "avg": 0.04156954851300141,
            "min": 0.0065,
            "max": 6.0787
        },
        "http_req_duration": {
            "p(99)": 2.0774690000000002,
            "count": 153732,
            "avg": 0.5304788735266567,
            "min": 0.0122,
            "max": 23.9194,
            "p(50)": 0.4269,
            "p(95)": 1.1387
        },
        "data_received": {
            "count": 54742935,
            "rate": 2736065.6111845607
        },
        "ratelimit_503": {
            "count": 153331,
            "rate": 7663.521808403949
        },
        "attack_reached_backend": {
            "count": 400,
            "rate": 19.992100249535838
        },
        "vus_max": {
            "value": 5,
            "min": 5,
            "max": 5
        },
        "http_req_connecting": {
            "count": 153732,
            "avg": 0.00025947167798506484,
            "min": 0,
            "max": 1.5924,
            "p(50)": 0,
            "p(95)": 0,
            "p(99)": 0
        },
        "http_req_duration{expected_response:true}": {
            "p(50)": 0.4269,
            "p(95)": 1.1387,
            "p(99)": 2.0774690000000002,
            "count": 153732,
            "avg": 0.5304788735266567,
            "min": 0.0122,
            "max": 23.9194
        },
        "http_req_blocked": {
            "avg": 0.003957564475841098,
            "min": 0.0001,
            "max": 7.1428,
            "p(50)": 0.0003,
            "p(95)": 0.0004,
            "p(99)": 0.0004,
            "count": 153732
        },
        "block_rate": {
            "passes": 153331,
            "fails": 400,
            "value": 0.997398052442253
        },
        "http_req_sending": {
            "count": 153732,
            "avg": 0.07993865134129591,
            "min": 0,
            "max": 9.255501,
            "p(50)": 0.0586,
            "p(95)": 0.21284499999999826,
            "p(99)": 0.4073380000000005
        },
        "data_sent": {
            "count": 17273667,
            "rate": 863342.2058527474
        },
        "login_latency_ms": {
            "max": 23.9194,
            "p(50)": 0.4269,
            "p(95)": 1.1386500000000002,
            "p(99)": 2.0772200000000067,
            "count": 153731,
            "avg": 0.5304638679576663,
            "min": 0.0122
        },
        "iteration_duration": {
            "p(50)": 0.5304,
            "p(95)": 1.2866,
            "p(99)": 2.3639100000000033,
            "count": 153731,
            "avg": 0.642874663249435,
            "min": 0.1532,
            "max": 24.0172
        },
        "http_req_waiting": {
            "max": 23.845,
            "p(50)": 0.3147,
            "p(95)": 1.0003449999999983,
            "p(99)": 1.8767760000000009,
            "count": 153732,
            "avg": 0.40897067367235573,
            "min": 0
        }
    }
}