{
    "root_group": {
        "name": "",
        "path": "",
        "id": "d41d8cd98f00b204e9800998ecf8427e",
        "groups": {},
        "checks": {
                "rate_limited_by_nginx (503 HTML)": {
                    "passes": 155817,
                    "fails": 103,
                    "name": "rate_limited_by_nginx (503 HTML)",
                    "path": "::rate_limited_by_nginx (503 HTML)",
                    "id": "c913043f5388c4a603801ccd7878f6fd"
                },
                "backend_failure       (503 JSON)": {
                    "path": "::backend_failure       (503 JSON)",
                    "id": "5d776f0d2fe6fff6b46a5d5ca07d3ad5",
                    "passes": 0,
                    "fails": 155920,
                    "name": "backend_failure       (503 JSON)"
                },
                "reached_backend       (200/401)": {
                    "name": "reached_backend       (200/401)",
                    "path": "::reached_backend       (200/401)",
                    "id": "6cda9f3631d45766b1c1352a6292f100",
                    "passes": 103,
                    "fails": 155817
                }
            }
    },
    "metrics": {
        "block_rate": {
            "passes": 155817,
            "fails": 103,
            "value": 0.9993394048229861
        },
        "vus_max": {
            "value": 5,
            "min": 5,
            "max": 5
        },
        "http_req_tls_handshaking": {
            "min": 0,
            "max": 10.2471,
            "p(50)": 0,
            "p(95)": 0,
            "p(99)": 0,
            "count": 155921,
            "avg": 0.003404154706550112
        },
        "http_req_failed": {
            "passes": 0,
            "fails": 155921,
            "value": 0
        },
        "iteration_duration": {
            "min": 0.1644,
            "max": 18.0012,
            "p(50)": 0.5267,
            "p(95)": 1.2673,
            "p(99)": 2.2438669999999985,
            "count": 155920,
            "avg": 0.6337906969984647
        },
        "http_reqs": {
            "count": 155921,
            "rate": 7793.28449221032
        },
        "http_req_blocked": {
            "avg": 0.004176659372375247,
            "min": 0.0001,
            "max": 10.7953,
            "p(50)": 0.0003,
            "p(95)": 0.0004,
            "p(99)": 0.0004,
            "count": 155921
        },
        "attack_reached_backend": {
            "count": 103,
            "rate": 5.1481731306088525
        },
        "iterations": {
            "count": 155920,
            "rate": 7793.234509946916
        },
        "data_received": {
            "count": 55462021,
            "rate": 2772117.342538485
        },
        "http_req_duration": {
            "max": 17.6883,
            "p(50)": 0.423,
            "p(95)": 1.1261,
            "p(99)": 1.951079999999993,
            "count": 155921,
            "avg": 0.5206588722173319,
            "min": 0.012
        },
        "login_latency_ms": {
            "avg": 0.5206456408093805,
            "min": 0.012,
            "max": 17.6883,
            "p(50)": 0.42295,
            "p(95)": 1.1261,
            "p(99)": 1.9505809999999997,
            "count": 155920
        },
        "checks": {
            "passes": 155920,
            "fails": 311840,
            "value": 0.3333333333333333
        },
        "http_req_connecting": {
            "avg": 0.0002770370892952199,
            "min": 0,
            "max": 2.583,
            "p(50)": 0,
            "p(95)": 0,
            "p(99)": 0,
            "count": 155921
        },
        "vus": {
            "value": 5,
            "min": 5,
            "max": 5
        },
        "http_req_receiving": {
            "min": 0.0067,
            "max": 5.8823,
            "p(50)": 0.0221,
            "p(95)": 0.1045,
            "p(99)": 0.3293599999999977,
            "count": 155921,
            "avg": 0.04052720493711985
        },
        "http_req_sending": {
            "min": 0,
            "max": 4.6104,
            "p(50)": 0.0597,
            "p(95)": 0.2317,
            "p(99)": 0.4169799999999988,
            "count": 155921,
            "avg": 0.08283745889264622
        },
        "data_sent": {
            "count": 17504103,
            "rate": 874894.6867962118
        },
        "ratelimit_503": {
            "rate": 7788.086336816307,
            "count": 155817
        },
        "http_req_waiting": {
            "avg": 0.3972942083875809,
            "min": 0,
            "max": 17.3365,
            "p(50)": 0.3086,
            "p(95)": 0.9842,
            "p(99)": 1.7351599999999918,
            "count": 155921
        },
        "http_req_duration{expected_response:true}": {
            "min": 0.012,
            "max": 17.6883,
            "p(50)": 0.423,
            "p(95)": 1.1261,
            "p(99)": 1.951079999999993,
            "count": 155921,
            "avg": 0.5206588722173319
        }
    }
}