{
    "root_group": {
        "groups": {},
        "checks": {
                "rate_limited_by_nginx (503 HTML)": {
                    "name": "rate_limited_by_nginx (503 HTML)",
                    "path": "::rate_limited_by_nginx (503 HTML)",
                    "id": "c913043f5388c4a603801ccd7878f6fd",
                    "passes": 200336,
                    "fails": 103
                },
                "backend_failure       (503 JSON)": {
                    "passes": 0,
                    "fails": 200439,
                    "name": "backend_failure       (503 JSON)",
                    "path": "::backend_failure       (503 JSON)",
                    "id": "5d776f0d2fe6fff6b46a5d5ca07d3ad5"
                },
                "reached_backend       (200/401)": {
                    "name": "reached_backend       (200/401)",
                    "path": "::reached_backend       (200/401)",
                    "id": "6cda9f3631d45766b1c1352a6292f100",
                    "passes": 103,
                    "fails": 200336
                }
            },
        "name": "",
        "path": "",
        "id": "d41d8cd98f00b204e9800998ecf8427e"
    },
    "metrics": {
        "data_sent": {
            "count": 22532323,
            "rate": 1126210.912453569
        },
        "block_rate": {
            "passes": 200336,
            "fails": 103,
            "value": 0.9994861279491516
        },
        "iterations": {
            "count": 200439,
            "rate": 10018.34516047373
        },
        "login_latency_ms": {
            "p(50)": 0.6532,
            "p(95)": 2.179609999999998,
            "p(99)": 3.658605999999994,
            "count": 200439,
            "avg": 0.8686151147880403,
            "min": 0.0119,
            "max": 169.5808
        },
        "iteration_duration": {
            "p(95)": 2.356819999999995,
            "p(99)": 4.0073,
            "count": 200439,
            "avg": 0.9896234389065858,
            "min": 0.1392,
            "max": 169.6532,
            "p(50)": 0.7613
        },
        "ratelimit_503": {
            "count": 200336,
            "rate": 10013.19701290001
        },
        "checks": {
            "fails": 400878,
            "passes": 200439,
            "value": 0.3333333333333333
        },
        "http_reqs": {
            "count": 200440,
            "rate": 10018.395142489007
        },
        "http_req_duration{expected_response:true}": {
            "p(99)": 3.658592999999982,
            "count": 200440,
            "avg": 0.8686233755388146,
            "min": 0.0119,
            "max": 169.5808,
            "p(50)": 0.6532,
            "p(95)": 2.1797
        },
        "http_req_failed": {
            "passes": 0,
            "fails": 200440,
            "value": 0
        },
        "http_req_blocked": {
            "avg": 0.005146320085814201,
            "min": 0.0001,
            "max": 23.2185,
            "p(50)": 0.0003,
            "p(95)": 0.0004,
            "p(99)": 0.0004,
            "count": 200440
        },
        "http_req_sending": {
            "min": 0,
            "max": 8.6573,
            "p(50)": 0.0549,
            "p(95)": 0.236,
            "p(99)": 0.5693,
            "count": 200440,
            "avg": 0.08452463417482053
        },
        "vus": {
            "value": 10,
            "min": 10,
            "max": 10
        },
        "vus_max": {
            "max": 10,
            "value": 10,
            "min": 10
        },
        "http_req_waiting": {
            "min": 0,
            "max": 169.5106,
            "p(50)": 0.498,
            "p(95)": 1.931504999999999,
            "p(99)": 3.2943659999999917,
            "count": 200440,
            "avg": 0.6988774907303924
        },
        "http_req_tls_handshaking": {
            "p(99)": 0,
            "count": 200440,
            "avg": 0.004348757224106965,
            "min": 0,
            "max": 22.9746,
            "p(50)": 0,
            "p(95)": 0
        },
        "http_req_receiving": {
            "min": 0.0065,
            "max": 18.3151,
            "p(50)": 0.0286,
            "p(95)": 0.308,
            "p(99)": 0.7517,
            "count": 200440,
            "avg": 0.085221250633604
        },
        "attack_reached_backend": {
            "count": 103,
            "rate": 5.148147573719656
        },
        "http_req_connecting": {
            "p(50)": 0,
            "p(95)": 0,
            "p(99)": 0,
            "count": 200440,
            "avg": 0.0003150389143883457,
            "min": 0,
            "max": 2.7005
        },
        "data_received": {
            "count": 71441623,
            "rate": 3570796.2923305277
        },
        "http_req_duration": {
            "p(95)": 2.1797,
            "p(99)": 3.658592999999982,
            "count": 200440,
            "avg": 0.8686233755388146,
            "min": 0.0119,
            "max": 169.5808,
            "p(50)": 0.6532
        }
    }
}