{
    "root_group": {
        "name": "",
        "path": "",
        "id": "d41d8cd98f00b204e9800998ecf8427e",
        "groups": {},
        "checks": {
                "rate_limited_by_nginx (503 HTML)": {
                    "passes": 250819,
                    "fails": 102,
                    "name": "rate_limited_by_nginx (503 HTML)",
                    "path": "::rate_limited_by_nginx (503 HTML)",
                    "id": "c913043f5388c4a603801ccd7878f6fd"
                },
                "backend_failure       (503 JSON)": {
                    "name": "backend_failure       (503 JSON)",
                    "path": "::backend_failure       (503 JSON)",
                    "id": "5d776f0d2fe6fff6b46a5d5ca07d3ad5",
                    "passes": 0,
                    "fails": 250921
                },
                "reached_backend       (200/401)": {
                    "name": "reached_backend       (200/401)",
                    "path": "::reached_backend       (200/401)",
                    "id": "6cda9f3631d45766b1c1352a6292f100",
                    "passes": 102,
                    "fails": 250819
                }
            }
    },
    "metrics": {
        "vus": {
            "value": 20,
            "min": 20,
            "max": 20
        },
        "login_latency_ms": {
            "max": 43.2966,
            "p(50)": 1.076799,
            "p(95)": 3.9587,
            "p(99)": 6.218759999999998,
            "count": 250921,
            "avg": 1.4537036842312994,
            "min": 0.0104
        },
        "http_req_receiving": {
            "max": 18.0559,
            "p(50)": 0.0827,
            "p(95)": 0.8263899999999965,
            "p(99)": 1.8089370000000025,
            "count": 250922,
            "avg": 0.2246532421230454,
            "min": 0.0063
        },
        "http_req_duration{expected_response:true}": {
            "p(50)": 1.0767995,
            "p(95)": 3.9587,
            "p(99)": 6.218758000000002,
            "count": 250922,
            "avg": 1.4537096063756938,
            "min": 0.0104,
            "max": 43.2966
        },
        "http_req_sending": {
            "count": 250922,
            "avg": 0.08688740399008893,
            "min": 0,
            "max": 12.5868,
            "p(50)": 0.0519,
            "p(95)": 0.2212,
            "p(99)": 0.7509580000000017
        },
        "http_req_failed": {
            "passes": 0,
            "fails": 250922,
            "value": 0
        },
        "http_req_tls_handshaking": {
            "max": 21.958,
            "p(50)": 0,
            "p(95)": 0,
            "p(99)": 0,
            "count": 250922,
            "avg": 0.005708161046062125,
            "min": 0
        },
        "attack_reached_backend": {
            "count": 102,
            "rate": 5.097845825719948
        },
        "vus_max": {
            "value": 20,
            "min": 20,
            "max": 20
        },
        "http_reqs": {
            "count": 250922,
            "rate": 12540.80068903236
        },
        "http_req_blocked": {
            "p(99)": 0.0004,
            "count": 250922,
            "avg": 0.006520914806166003,
            "min": 0.0001,
            "max": 22.1855,
            "p(50)": 0.0003,
            "p(95)": 0.0004
        },
        "block_rate": {
            "passes": 250819,
            "fails": 102,
            "value": 0.9995934975550074
        },
        "data_sent": {
            "count": 28286162,
            "rate": 1413710.714483708
        },
        "checks": {
            "passes": 250921,
            "fails": 501842,
            "value": 0.3333333333333333
        },
        "iteration_duration": {
            "min": 0.1369,
            "max": 43.5045,
            "p(50)": 1.1928,
            "p(95)": 4.1725,
            "p(99)": 6.578659999999998,
            "count": 250921,
            "avg": 1.5848366918631565
        },
        "iterations": {
            "count": 250921,
            "rate": 12540.750710151715
        },
        "http_req_duration": {
            "avg": 1.4537096063756938,
            "min": 0.0104,
            "max": 43.2966,
            "p(50)": 1.0767995,
            "p(95)": 3.9587,
            "p(99)": 6.218758000000002,
            "count": 250922
        },
        "http_req_waiting": {
            "p(99)": 5.506769000000008,
            "count": 250922,
            "avg": 1.1421689602625784,
            "min": 0,
            "max": 43.1053,
            "p(50)": 0.7875,
            "p(95)": 3.3913949999999984
        },
        "http_req_connecting": {
            "max": 3.1388,
            "p(50)": 0,
            "p(95)": 0,
            "p(99)": 0,
            "count": 250922,
            "avg": 0.00032595946150596605,
            "min": 0
        },
        "data_received": {
            "count": 89266188,
            "rate": 4461424.155624825
        },
        "ratelimit_503": {
            "count": 250819,
            "rate": 12535.652864325995
        }
    }
}