{
    "root_group": {
        "name": "",
        "path": "",
        "id": "d41d8cd98f00b204e9800998ecf8427e",
        "groups": {},
        "checks": {
                "rate_limited_by_nginx (503 HTML)": {
                    "name": "rate_limited_by_nginx (503 HTML)",
                    "path": "::rate_limited_by_nginx (503 HTML)",
                    "id": "c913043f5388c4a603801ccd7878f6fd",
                    "passes": 214599,
                    "fails": 103
                },
                "backend_failure       (503 JSON)": {
                    "passes": 0,
                    "fails": 214702,
                    "name": "backend_failure       (503 JSON)",
                    "path": "::backend_failure       (503 JSON)",
                    "id": "5d776f0d2fe6fff6b46a5d5ca07d3ad5"
                },
                "reached_backend       (200/401)": {
                    "id": "6cda9f3631d45766b1c1352a6292f100",
                    "passes": 103,
                    "fails": 214599,
                    "name": "reached_backend       (200/401)",
                    "path": "::reached_backend       (200/401)"
                }
            }
    },
    "metrics": {
        "iteration_duration": {
            "avg": 0.9233460718577436,
            "min": 0.1409,
            "max": 74.9074,
            "p(50)": 0.74425,
            "p(95)": 2.1088,
            "p(99)": 3.426192999999994,
            "count": 214702
        },
        "vus_max": {
            "value": 10,
            "min": 10,
            "max": 10
        },
        "http_reqs": {
            "count": 214703,
            "rate": 10730.790405537718
        },
        "vus": {
            "value": 10,
            "min": 10,
            "max": 10
        },
        "http_req_failed": {
            "passes": 0,
            "fails": 214703,
            "value": 0
        },
        "attack_reached_backend": {
            "count": 103,
            "rate": 5.147908560990694
        },
        "http_req_tls_handshaking": {
            "min": 0,
            "max": 12.3739,
            "p(50)": 0,
            "p(95)": 0,
            "p(99)": 0,
            "count": 214703,
            "avg": 0.004059073240709259
        },
        "http_req_waiting": {
            "p(95)": 1.6947699999999983,
            "p(99)": 2.779898000000001,
            "count": 214703,
            "avg": 0.6354053129905045,
            "min": 0,
            "max": 74.6731,
            "p(50)": 0.4837
        },
        "http_req_blocked": {
            "avg": 0.0048018881990499925,
            "min": 0.0001,
            "max": 12.6869,
            "p(50)": 0.0003,
            "p(95)": 0.0004,
            "p(99)": 0.0004,
            "count": 214703
        },
        "data_received": {
            "count": 76376439,
            "rate": 3817271.108602753
        },
        "login_latency_ms": {
            "p(99)": 3.115098999999999,
            "count": 214702,
            "avg": 0.8041691479026674,
            "min": 0.0117,
            "max": 74.8043,
            "p(50)": 0.6377,
            "p(95)": 1.944394999999998
        },
        "ratelimit_503": {
            "count": 214599,
            "rate": 10725.59251728196
        },
        "http_req_duration{expected_response:true}": {
            "p(95)": 1.9444,
            "p(99)": 3.115098000000001,
            "count": 214703,
            "avg": 0.8041788572725974,
            "min": 0.0117,
            "max": 74.8043,
            "p(50)": 0.6377
        },
        "data_sent": {
            "count": 24119399,
            "rate": 1205480.1999810718
        },
        "http_req_duration": {
            "avg": 0.8041788572725974,
            "min": 0.0117,
            "max": 74.8043,
            "p(50)": 0.6377,
            "p(95)": 1.9444,
            "p(99)": 3.115098000000001,
            "count": 214703
        },
        "block_rate": {
            "passes": 214599,
            "fails": 103,
            "value": 0.9995202652979479
        },
        "iterations": {
            "count": 214702,
            "rate": 10730.740425842952
        },
        "http_req_receiving": {
            "count": 214703,
            "avg": 0.08411671420520223,
            "min": 0.0067,
            "max": 8.495,
            "p(50)": 0.03,
            "p(95)": 0.306,
            "p(99)": 0.7085960000000021
        },
        "http_req_connecting": {
            "min": 0,
            "max": 3.7866,
            "p(50)": 0,
            "p(95)": 0,
            "p(99)": 0,
            "count": 214703,
            "avg": 0.0002763952995533365
        },
        "http_req_sending": {
            "max": 5.666,
            "p(50)": 0.0552,
            "p(95)": 0.2482,
            "p(99)": 0.5668960000000021,
            "count": 214703,
            "avg": 0.08465683007690057,
            "min": 0
        },
        "checks": {
            "passes": 214702,
            "fails": 429404,
            "value": 0.3333333333333333
        }
    }
}