{
    "metrics": {
        "crud_list_success_total": {
            "count": 628,
            "rate": 30.560339664129287
        },
        "crud_read_latency_ms": {
            "avg": 51.831619031847076,
            "min": 11.2885,
            "med": 53.534099999999995,
            "max": 429.810303,
            "p(90)": 78.4474,
            "p(95)": 86.623126
        },
        "http_req_failed": {
            "fails": 4396,
            "passes": 0,
            "thresholds": {
                "rate<0.05": false
            },
            "value": 0
        },
        "crud_update_latency_ms": {
            "avg": 76.8559324378981,
            "min": 15.9216,
            "med": 74.784851,
            "max": 437.353903,
            "p(90)": 105.11340100000001,
            "p(95)": 120.73411534999995
        },
        "http_req_blocked": {
            "avg": 0.03833209736124548,
            "min": 0.0001,
            "med": 0.0003,
            "max": 15.1719,
            "p(90)": 0.0005,
            "p(95)": 0.0005
        },
        "iterations": {
            "count": 628,
            "rate": 30.560339664129287
        },
        "crud_read_success_total": {
            "count": 1256,
            "rate": 61.120679328258575,
            "thresholds": {
                "count>0": false
            }
        },
        "crud_list_latency_ms": {
            "max": 119.3956,
            "p(90)": 73.25700030000002,
            "p(95)": 80.53386999999996,
            "avg": 46.129764576433146,
            "min": 12.1061,
            "med": 48.365100999999996
        },
        "http_req_duration{expected_response:true}": {
            "p(95)": 94.383625,
            "avg": 49.706612550955626,
            "min": 2.0058,
            "med": 51.881,
            "max": 437.353903,
            "p(90)": 84.514051
        },
        "iteration_duration": {
            "avg": 650.5408276751593,
            "min": 389.895603,
            "med": 674.2730535000001,
            "max": 1096.750408,
            "p(90)": 750.2166835,
            "p(95)": 781.6653259999999
        },
        "crud_delete_success_total": {
            "count": 628,
            "rate": 30.560339664129287,
            "thresholds": {
                "count>0": false
            }
        },
        "http_req_tls_handshaking": {
            "avg": 0.03381353503184713,
            "min": 0,
            "med": 0,
            "max": 14.8691,
            "p(90)": 0,
            "p(95)": 0
        },
        "login_success_total": {
            "count": 628,
            "rate": 30.560339664129287
        },
        "vus_max": {
            "value": 20,
            "min": 20,
            "max": 20
        },
        "checks": {
            "passes": 5652,
            "fails": 0,
            "thresholds": {
                "rate>0.95": false
            },
            "value": 1
        },
        "http_req_sending": {
            "avg": 0.14773052866242062,
            "min": 0.0254,
            "med": 0.0974,
            "max": 4.1454,
            "p(90)": 0.29159999999999997,
            "p(95)": 0.41464999999999996
        },
        "data_received": {
            "count": 3440980,
            "rate": 167448.27639725414
        },
        "crud_create_success_total": {
            "count": 628,
            "rate": 30.560339664129287,
            "thresholds": {
                "count>0": false
            }
        },
        "http_req_connecting": {
            "avg": 0.003674226569608736,
            "min": 0,
            "med": 0,
            "max": 1.5311,
            "p(90)": 0,
            "p(95)": 0
        },
        "http_req_waiting": {
            "avg": 48.2947109729299,
            "min": 1.7363,
            "med": 50.1710505,
            "max": 434.932503,
            "p(90)": 82.316101,
            "p(95)": 92.1886
        },
        "crud_create_latency_ms": {
            "avg": 63.589670949044574,
            "min": 15.867901,
            "med": 68.8509005,
            "max": 125.893101,
            "p(90)": 93.53391100000002,
            "p(95)": 98.765906
        },
        "vus": {
            "value": 20,
            "min": 20,
            "max": 20
        },
        "http_req_receiving": {
            "med": 0.65385,
            "max": 11.2701,
            "p(90)": 3.3486000000000002,
            "p(95)": 4.5059000000000005,
            "avg": 1.2641710493630536,
            "min": 0.0159
        },
        "crud_delete_latency_ms": {
            "avg": 52.178285625796214,
            "min": 15.0736,
            "med": 51.2042,
            "max": 402.970403,
            "p(90)": 78.968851,
            "p(95)": 87.98914534999996
        },
        "data_sent": {
            "count": 480073,
            "rate": 23361.773795505636
        },
        "crud_update_success_total": {
            "count": 628,
            "rate": 30.560339664129287,
            "thresholds": {
                "count>0": false
            }
        },
        "http_req_duration": {
            "min": 2.0058,
            "med": 51.881,
            "max": 437.353903,
            "p(90)": 84.514051,
            "p(95)": 94.383625,
            "avg": 49.706612550955626,
            "thresholds": {
                "p(95)<700": false
            }
        },
        "http_reqs": {
            "count": 4396,
            "rate": 213.922377648905
        }
    },
    "root_group": {
        "id": "d41d8cd98f00b204e9800998ecf8427e",
        "groups": {},
        "checks": {
                "login 200": {
                    "fails": 0,
                    "name": "login 200",
                    "path": "::login 200",
                    "id": "48b06dc5cde7f6ebb606ad7da726a2a5",
                    "passes": 628
                },
                "login has token": {
                    "fails": 0,
                    "name": "login has token",
                    "path": "::login has token",
                    "id": "76fad3378234b1d9b3859991679a6c46",
                    "passes": 628
                },
                "list 200": {
                    "id": "bb957fc3b3b94304050fa1ff782f2f89",
                    "passes": 628,
                    "fails": 0,
                    "name": "list 200",
                    "path": "::list 200"
                },
                "create 200": {
                    "name": "create 200",
                    "path": "::create 200",
                    "id": "3b3864655d7bdb04926571b6f6406bf6",
                    "passes": 628,
                    "fails": 0
                },
                "create has id": {
                    "name": "create has id",
                    "path": "::create has id",
                    "id": "1240f53b1f661fea5e53d08b053383ad",
                    "passes": 628,
                    "fails": 0
                },
                "read 200": {
                    "name": "read 200",
                    "path": "::read 200",
                    "id": "0e2edf58435ab027aec533a7b02a45ba",
                    "passes": 1256,
                    "fails": 0
                },
                "update 200": {
                    "passes": 628,
                    "fails": 0,
                    "name": "update 200",
                    "path": "::update 200",
                    "id": "7ea104c1961d25326c0409f06885ea15"
                },
                "delete 2xx": {
                    "name": "delete 2xx",
                    "path": "::delete 2xx",
                    "id": "4ac674ed73a9b6950c11e4d7bba721c5",
                    "passes": 628,
                    "fails": 0
                }
            },
        "name": "",
        "path": ""
    }
}