{
    "metrics": {
        "crud_update_success_total": {
            "count": 237,
            "rate": 11.628271095897201,
            "thresholds": {
                "count>0": false
            }
        },
        "http_req_blocked": {
            "med": 0.0003,
            "max": 5.379699,
            "p(90)": 0.0004,
            "p(95)": 0.0005,
            "avg": 0.012312896323085454,
            "min": 0.0002
        },
        "http_req_connecting": {
            "max": 0.9331,
            "p(90)": 0,
            "p(95)": 0,
            "avg": 0.002176913803496082,
            "min": 0,
            "med": 0
        },
        "http_req_waiting": {
            "min": 1.7209,
            "med": 17.4853,
            "max": 89.4606,
            "p(90)": 26.795460000000002,
            "p(95)": 29.981919999999995,
            "avg": 17.6345007166968
        },
        "login_success_total": {
            "rate": 11.628271095897201,
            "count": 237
        },
        "crud_list_latency_ms": {
            "p(90)": 21.744340000000005,
            "p(95)": 24.945799999999995,
            "avg": 17.976130016877644,
            "min": 11.4773,
            "med": 16.4834,
            "max": 81.2532
        },
        "http_reqs": {
            "count": 1659,
            "rate": 81.3978976712804
        },
        "http_req_duration{expected_response:true}": {
            "max": 90.5879,
            "p(90)": 27.251540000000002,
            "p(95)": 30.48535,
            "avg": 17.966349361060892,
            "min": 2.0437,
            "med": 17.7824
        },
        "vus_max": {
            "value": 5,
            "min": 5,
            "max": 5
        },
        "http_req_receiving": {
            "avg": 0.20364924713682947,
            "min": 0.0205,
            "med": 0.1171,
            "max": 6.7782,
            "p(90)": 0.41706,
            "p(95)": 0.5935499999999998
        },
        "data_received": {
            "count": 1225308,
            "rate": 60119.044725618594
        },
        "http_req_tls_handshaking": {
            "max": 4.553199,
            "p(90)": 0,
            "p(95)": 0,
            "avg": 0.009208435804701627,
            "min": 0,
            "med": 0
        },
        "http_req_sending": {
            "min": 0.0299,
            "med": 0.1011,
            "max": 1.6688,
            "p(90)": 0.21138000000000007,
            "p(95)": 0.2931799999999997,
            "avg": 0.1281993972272451
        },
        "crud_read_latency_ms": {
            "avg": 16.940418202531642,
            "min": 11.473301,
            "med": 16.2369,
            "max": 90.0574,
            "p(90)": 20.40548,
            "p(95)": 22.687879999999996
        },
        "http_req_duration": {
            "p(95)": 30.48535,
            "avg": 17.966349361060892,
            "min": 2.0437,
            "med": 17.7824,
            "max": 90.5879,
            "p(90)": 27.251540000000002,
            "thresholds": {
                "p(95)<700": false
            }
        },
        "data_sent": {
            "count": 167962,
            "rate": 8240.960632105847
        },
        "crud_delete_success_total": {
            "count": 237,
            "rate": 11.628271095897201,
            "thresholds": {
                "count>0": false
            }
        },
        "crud_list_success_total": {
            "count": 237,
            "rate": 11.628271095897201
        },
        "checks": {
            "passes": 2133,
            "fails": 0,
            "thresholds": {
                "rate>0.95": false
            },
            "value": 1
        },
        "crud_update_latency_ms": {
            "max": 89.1584,
            "p(90)": 30.95682,
            "p(95)": 35.23898019999999,
            "avg": 25.42917897468354,
            "min": 15.800401,
            "med": 24.0687
        },
        "crud_delete_latency_ms": {
            "avg": 21.04705828270042,
            "min": 14.9326,
            "med": 20.366101,
            "max": 35.8609,
            "p(90)": 27.26632,
            "p(95)": 29.16551999999999
        },
        "vus": {
            "min": 5,
            "max": 5,
            "value": 5
        },
        "iteration_duration": {
            "avg": 428.3305838143459,
            "min": 387.729004,
            "med": 423.1367,
            "max": 513.8818,
            "p(90)": 462.1274626,
            "p(95)": 474.93691900000005
        },
        "iterations": {
            "count": 237,
            "rate": 11.628271095897201
        },
        "crud_create_success_total": {
            "count": 237,
            "rate": 11.628271095897201,
            "thresholds": {
                "count>0": false
            }
        },
        "crud_create_latency_ms": {
            "med": 22.2274,
            "max": 90.5879,
            "p(90)": 32.77492,
            "p(95)": 37.93354,
            "avg": 24.53912961181434,
            "min": 15.672
        },
        "http_req_failed": {
            "passes": 0,
            "fails": 1659,
            "thresholds": {
                "rate<0.05": false
            },
            "value": 0
        },
        "crud_read_success_total": {
            "count": 474,
            "rate": 23.256542191794402,
            "thresholds": {
                "count>0": false
            }
        }
    },
    "root_group": {
        "id": "d41d8cd98f00b204e9800998ecf8427e",
        "groups": {},
        "checks": {
                "login 200": {
                    "passes": 237,
                    "fails": 0,
                    "name": "login 200",
                    "path": "::login 200",
                    "id": "48b06dc5cde7f6ebb606ad7da726a2a5"
                },
                "login has token": {
                    "path": "::login has token",
                    "id": "76fad3378234b1d9b3859991679a6c46",
                    "passes": 237,
                    "fails": 0,
                    "name": "login has token"
                },
                "list 200": {
                    "path": "::list 200",
                    "id": "bb957fc3b3b94304050fa1ff782f2f89",
                    "passes": 237,
                    "fails": 0,
                    "name": "list 200"
                },
                "create 200": {
                    "fails": 0,
                    "name": "create 200",
                    "path": "::create 200",
                    "id": "3b3864655d7bdb04926571b6f6406bf6",
                    "passes": 237
                },
                "create has id": {
                    "name": "create has id",
                    "path": "::create has id",
                    "id": "1240f53b1f661fea5e53d08b053383ad",
                    "passes": 237,
                    "fails": 0
                },
                "read 200": {
                    "path": "::read 200",
                    "id": "0e2edf58435ab027aec533a7b02a45ba",
                    "passes": 474,
                    "fails": 0,
                    "name": "read 200"
                },
                "update 200": {
                    "name": "update 200",
                    "path": "::update 200",
                    "id": "7ea104c1961d25326c0409f06885ea15",
                    "passes": 237,
                    "fails": 0
                },
                "delete 2xx": {
                    "name": "delete 2xx",
                    "path": "::delete 2xx",
                    "id": "4ac674ed73a9b6950c11e4d7bba721c5",
                    "passes": 237,
                    "fails": 0
                }
            },
        "name": "",
        "path": ""
    }
}