{
    "metrics": {
        "crud_list_latency_ms": {
            "avg": 15.79859108888889,
            "min": 12.4093,
            "med": 13.4761,
            "max": 58.0315,
            "p(90)": 15.17466,
            "p(95)": 31.98517999999995
        },
        "http_req_duration": {
            "p(90)": 18.09486,
            "p(95)": 20.33134,
            "avg": 20.72336252063491,
            "min": 2.2536,
            "med": 13.871,
            "max": 2122.457897,
            "thresholds": {
                "p(95)<700": false
            }
        },
        "crud_delete_success_total": {
            "rate": 2.2346775340392506,
            "count": 45,
            "thresholds": {
                "count>0": false
            }
        },
        "login_success_total": {
            "count": 45,
            "rate": 2.2346775340392506
        },
        "crud_create_latency_ms": {
            "p(95)": 22.295599999999997,
            "avg": 18.207193311111112,
            "min": 15.496,
            "med": 16.9932,
            "max": 42.6992,
            "p(90)": 19.857860000000002
        },
        "crud_delete_latency_ms": {
            "max": 53.464,
            "p(90)": 19.736980000000003,
            "p(95)": 32.651019999999974,
            "avg": 18.638406644444448,
            "min": 14.9557,
            "med": 16.7057
        },
        "data_received": {
            "rate": 11551.1474924504,
            "count": 232607
        },
        "iterations": {
            "count": 45,
            "rate": 2.2346775340392506
        },
        "http_req_duration{expected_response:true}": {
            "p(95)": 20.33134,
            "avg": 20.72336252063491,
            "min": 2.2536,
            "med": 13.871,
            "max": 2122.457897,
            "p(90)": 18.09486
        },
        "http_req_tls_handshaking": {
            "max": 2.9208,
            "p(90)": 0,
            "p(95)": 0,
            "avg": 0.009272380952380952,
            "min": 0,
            "med": 0
        },
        "http_req_connecting": {
            "avg": 0.0007790476190476191,
            "min": 0,
            "med": 0,
            "max": 0.2454,
            "p(90)": 0,
            "p(95)": 0
        },
        "http_req_receiving": {
            "avg": 0.11336476190476187,
            "min": 0.0334,
            "med": 0.1002,
            "max": 0.5297,
            "p(90)": 0.16896,
            "p(95)": 0.19803000000000004
        },
        "crud_list_success_total": {
            "count": 45,
            "rate": 2.2346775340392506
        },
        "crud_read_success_total": {
            "count": 90,
            "rate": 4.469355068078501,
            "thresholds": {
                "count>0": false
            }
        },
        "data_sent": {
            "count": 31811,
            "rate": 1579.7183785627244
        },
        "http_req_failed": {
            "passes": 0,
            "fails": 315,
            "thresholds": {
                "rate<0.05": false
            },
            "value": 0
        },
        "http_reqs": {
            "count": 315,
            "rate": 15.642742738274755
        },
        "http_req_blocked": {
            "p(95)": 0.0005,
            "avg": 0.011166031746031846,
            "min": 0.0002,
            "med": 0.0003,
            "max": 3.4086,
            "p(90)": 0.0005
        },
        "http_req_sending": {
            "p(90)": 0.19706,
            "p(95)": 0.22053000000000003,
            "avg": 0.1285514285714286,
            "min": 0.0456,
            "med": 0.1182,
            "max": 0.3688
        },
        "crud_read_latency_ms": {
            "avg": 12.69169,
            "min": 11.4344,
            "med": 12.4128,
            "max": 17.7946,
            "p(90)": 13.815760000000001,
            "p(95)": 14.151655
        },
        "vus": {
            "value": 1,
            "min": 1,
            "max": 1
        },
        "crud_update_latency_ms": {
            "avg": 64.4421977111111,
            "min": 15.8103,
            "med": 17.2471,
            "max": 2122.457897,
            "p(90)": 20.26442,
            "p(95)": 23.396619999999995
        },
        "crud_create_success_total": {
            "count": 45,
            "rate": 2.2346775340392506,
            "thresholds": {
                "count>0": false
            }
        },
        "iteration_duration": {
            "avg": 447.42993055555564,
            "min": 388.0874,
            "med": 395.900299,
            "max": 2501.098497,
            "p(90)": 421.37988,
            "p(95)": 440.15205899999995
        },
        "crud_update_success_total": {
            "count": 45,
            "rate": 2.2346775340392506,
            "thresholds": {
                "count>0": false
            }
        },
        "checks": {
            "passes": 405,
            "fails": 0,
            "thresholds": {
                "rate>0.95": false
            },
            "value": 1
        },
        "http_req_waiting": {
            "min": 1.9836,
            "med": 13.6328,
            "max": 2122.140797,
            "p(90)": 17.86398,
            "p(95)": 20.101540000000004,
            "avg": 20.48144633015872
        },
        "vus_max": {
            "value": 1,
            "min": 1,
            "max": 1
        }
    },
    "root_group": {
        "checks": {
            "login 200": {
                "name": "login 200",
                "path": "::login 200",
                "id": "48b06dc5cde7f6ebb606ad7da726a2a5",
                "passes": 45,
                "fails": 0
            },
            "login has token": {
                "name": "login has token",
                "path": "::login has token",
                "id": "76fad3378234b1d9b3859991679a6c46",
                "passes": 45,
                "fails": 0
            },
            "list 200": {
                "name": "list 200",
                "path": "::list 200",
                "id": "bb957fc3b3b94304050fa1ff782f2f89",
                "passes": 45,
                "fails": 0
            },
            "create 200": {
                "name": "create 200",
                "path": "::create 200",
                "id": "3b3864655d7bdb04926571b6f6406bf6",
                "passes": 45,
                "fails": 0
            },
            "create has id": {
                "fails": 0,
                "name": "create has id",
                "path": "::create has id",
                "id": "1240f53b1f661fea5e53d08b053383ad",
                "passes": 45
            },
            "read 200": {
                "id": "0e2edf58435ab027aec533a7b02a45ba",
                "passes": 90,
                "fails": 0,
                "name": "read 200",
                "path": "::read 200"
            },
            "update 200": {
                "name": "update 200",
                "path": "::update 200",
                "id": "7ea104c1961d25326c0409f06885ea15",
                "passes": 45,
                "fails": 0
            },
            "delete 2xx": {
                "name": "delete 2xx",
                "path": "::delete 2xx",
                "id": "4ac674ed73a9b6950c11e4d7bba721c5",
                "passes": 45,
                "fails": 0
            }
        },
        "name": "",
        "path": "",
        "id": "d41d8cd98f00b204e9800998ecf8427e",
        "groups": {}
    }
}