{
    "metrics": {
        "login_success_total": {
            "rate": 20.85176348237441,
            "count": 425
        },
        "crud_read_latency_ms": {
            "min": 11.3679,
            "med": 21.862299999999998,
            "max": 277.3159,
            "p(90)": 34.33376,
            "p(95)": 38.07449999999999,
            "avg": 24.231380288235304
        },
        "data_sent": {
            "count": 305819,
            "rate": 15004.389309214728
        },
        "data_received": {
            "count": 2200183,
            "rate": 107947.51890339053
        },
        "iteration_duration": {
            "avg": 477.58582303764695,
            "min": 389.985398,
            "med": 462.4077,
            "max": 990.569897,
            "p(90)": 531.227538,
            "p(95)": 631.885358999999
        },
        "http_req_connecting": {
            "avg": 0.003250991596638656,
            "min": 0,
            "med": 0,
            "max": 2.4295,
            "p(90)": 0,
            "p(95)": 0
        },
        "vus_max": {
            "value": 10,
            "min": 10,
            "max": 10
        },
        "http_req_receiving": {
            "avg": 0.31246890722689075,
            "min": 0.015,
            "med": 0.1445,
            "max": 4.9985,
            "p(90)": 0.7644599999999999,
            "p(95)": 1.1331199999999975
        },
        "checks": {
            "passes": 3825,
            "fails": 0,
            "thresholds": {
                "rate>0.95": false
            },
            "value": 1
        },
        "crud_create_latency_ms": {
            "max": 309.396499,
            "p(90)": 49.247859600000005,
            "p(95)": 57.62639919999986,
            "avg": 34.67153049882349,
            "min": 15.4775,
            "med": 29.9751
        },
        "vus": {
            "value": 10,
            "min": 10,
            "max": 10
        },
        "crud_delete_success_total": {
            "count": 425,
            "rate": 20.85176348237441,
            "thresholds": {
                "count>0": false
            }
        },
        "http_reqs": {
            "count": 2975,
            "rate": 145.96234437662085
        },
        "http_req_waiting": {
            "p(95)": 45.447479999999935,
            "avg": 24.550393245378206,
            "min": 1.7562,
            "med": 22.077399,
            "max": 520.404599,
            "p(90)": 38.67612
        },
        "crud_update_latency_ms": {
            "med": 29.9583,
            "max": 236.513499,
            "p(90)": 47.67546,
            "p(95)": 54.609279199999996,
            "avg": 34.194587901176476,
            "min": 15.8364
        },
        "crud_list_success_total": {
            "count": 425,
            "rate": 20.85176348237441
        },
        "crud_create_success_total": {
            "count": 425,
            "rate": 20.85176348237441,
            "thresholds": {
                "count>0": false
            }
        },
        "http_req_tls_handshaking": {
            "avg": 0.016032840336134453,
            "min": 0,
            "med": 0,
            "max": 6.8671,
            "p(90)": 0,
            "p(95)": 0
        },
        "http_req_sending": {
            "min": 0.0282,
            "med": 0.0971,
            "max": 5.2022,
            "p(90)": 0.23537999999999992,
            "p(95)": 0.33168999999999993,
            "avg": 0.13545653747899164
        },
        "crud_update_success_total": {
            "count": 425,
            "rate": 20.85176348237441,
            "thresholds": {
                "count>0": false
            }
        },
        "http_req_duration{expected_response:true}": {
            "avg": 24.99831869008402,
            "min": 1.9425,
            "med": 22.5163,
            "max": 521.389799,
            "p(90)": 39.4163796,
            "p(95)": 46.169650000000004
        },
        "crud_list_latency_ms": {
            "avg": 26.337306762352952,
            "min": 12.4841,
            "med": 20.4003,
            "max": 521.389799,
            "p(90)": 34.99338000000001,
            "p(95)": 40.644479999999994
        },
        "crud_delete_latency_ms": {
            "avg": 27.390938039999998,
            "min": 15.0059,
            "med": 24.9682,
            "max": 312.177799,
            "p(90)": 38.46384,
            "p(95)": 42.59391999999998
        },
        "http_req_blocked": {
            "avg": 0.020494588235295524,
            "min": 0.0001,
            "med": 0.0003,
            "max": 9.3552,
            "p(90)": 0.0005,
            "p(95)": 0.0005
        },
        "iterations": {
            "count": 425,
            "rate": 20.85176348237441
        },
        "http_req_duration": {
            "p(90)": 39.4163796,
            "p(95)": 46.169650000000004,
            "avg": 24.99831869008402,
            "min": 1.9425,
            "med": 22.5163,
            "max": 521.389799,
            "thresholds": {
                "p(95)<700": false
            }
        },
        "http_req_failed": {
            "passes": 0,
            "fails": 2975,
            "thresholds": {
                "rate<0.05": false
            },
            "value": 0
        },
        "crud_read_success_total": {
            "rate": 41.70352696474882,
            "count": 850,
            "thresholds": {
                "count>0": false
            }
        }
    },
    "root_group": {
        "name": "",
        "path": "",
        "id": "d41d8cd98f00b204e9800998ecf8427e",
        "groups": {},
        "checks": {
                "login 200": {
                    "fails": 0,
                    "name": "login 200",
                    "path": "::login 200",
                    "id": "48b06dc5cde7f6ebb606ad7da726a2a5",
                    "passes": 425
                },
                "login has token": {
                    "name": "login has token",
                    "path": "::login has token",
                    "id": "76fad3378234b1d9b3859991679a6c46",
                    "passes": 425,
                    "fails": 0
                },
                "list 200": {
                    "name": "list 200",
                    "path": "::list 200",
                    "id": "bb957fc3b3b94304050fa1ff782f2f89",
                    "passes": 425,
                    "fails": 0
                },
                "create 200": {
                    "fails": 0,
                    "name": "create 200",
                    "path": "::create 200",
                    "id": "3b3864655d7bdb04926571b6f6406bf6",
                    "passes": 425
                },
                "create has id": {
                    "name": "create has id",
                    "path": "::create has id",
                    "id": "1240f53b1f661fea5e53d08b053383ad",
                    "passes": 425,
                    "fails": 0
                },
                "read 200": {
                    "fails": 0,
                    "name": "read 200",
                    "path": "::read 200",
                    "id": "0e2edf58435ab027aec533a7b02a45ba",
                    "passes": 850
                },
                "update 200": {
                    "fails": 0,
                    "name": "update 200",
                    "path": "::update 200",
                    "id": "7ea104c1961d25326c0409f06885ea15",
                    "passes": 425
                },
                "delete 2xx": {
                    "name": "delete 2xx",
                    "path": "::delete 2xx",
                    "id": "4ac674ed73a9b6950c11e4d7bba721c5",
                    "passes": 425,
                    "fails": 0
                }
            }
    }
}