{
    "metrics": {
        "crud_delete_fail_total": {
            "count": 1,
            "rate": 0.029874171549165416
        },
        "iterations": {
            "count": 500,
            "rate": 14.937085774582707
        },
        "crud_delete_latency_ms": {
            "med": 53.2464,
            "max": 3445.263191,
            "p(90)": 87.82636,
            "p(95)": 370.67576899999665,
            "avg": 106.89795078383838,
            "min": 14.4387
        },
        "crud_create_fail_total": {
            "count": 5,
            "rate": 0.14937085774582706
        },
        "crud_create_success_total": {
            "count": 495,
            "rate": 14.78771491683688,
            "thresholds": {
                "count>0": false
            }
        },
        "http_req_blocked": {
            "p(95)": 0.0005,
            "avg": 0.04145232758621473,
            "min": 0.0001,
            "med": 0.0003,
            "max": 12.2712,
            "p(90)": 0.0005
        },
        "crud_list_success_total": {
            "rate": 14.518847372894392,
            "count": 486
        },
        "crud_read_latency_ms": {
            "avg": 107.41841572020203,
            "min": 11.493,
            "med": 58.57255,
            "max": 3881.596089,
            "p(90)": 83.896069,
            "p(95)": 115.71478444999971
        },
        "crud_read_success_total": {
            "count": 986,
            "rate": 29.4559331474771,
            "thresholds": {
                "count>0": false
            }
        },
        "http_reqs": {
            "count": 3480,
            "rate": 103.96211699109564
        },
        "http_req_failed": {
            "passes": 35,
            "fails": 3445,
            "thresholds": {
                "rate<0.05": false
            },
            "value": 0.010057471264367816
        },
        "http_req_duration": {
            "max": 5848.941684,
            "p(90)": 98.43245999999999,
            "p(95)": 159.58249999999984,
            "avg": 133.93785999568976,
            "min": 1.899,
            "med": 58.504000000000005,
            "thresholds": {
                "p(95)<700": false
            }
        },
        "crud_update_success_total": {
            "count": 484,
            "rate": 14.45909902979606,
            "thresholds": {
                "count>0": false
            }
        },
        "login_success_total": {
            "count": 500,
            "rate": 14.937085774582707
        },
        "crud_update_latency_ms": {
            "avg": 182.99641152323235,
            "min": 15.8186,
            "med": 77.781,
            "max": 5687.005584,
            "p(90)": 110.43968000000001,
            "p(95)": 133.05168929999996
        },
        "crud_delete_success_total": {
            "count": 494,
            "rate": 14.757840745287716,
            "thresholds": {
                "count>0": false
            }
        },
        "crud_list_fail_total": {
            "count": 14,
            "rate": 0.41823840168831583
        },
        "http_req_duration{expected_response:true}": {
            "avg": 98.08260018200298,
            "min": 1.899,
            "med": 58.0984,
            "max": 5730.636484,
            "p(90)": 96.3235194,
            "p(95)": 125.8743198
        },
        "crud_create_latency_ms": {
            "max": 5848.941684,
            "p(90)": 119.86207910000002,
            "p(95)": 288.04470394999754,
            "avg": 218.677909138,
            "min": 15.8251,
            "med": 75.32485
        },
        "http_req_sending": {
            "avg": 0.15330896494252824,
            "min": 0.027,
            "med": 0.0953,
            "max": 5.9083,
            "p(90)": 0.30427999999999983,
            "p(95)": 0.44671499999999936
        },
        "checks": {
            "passes": 4440,
            "fails": 40,
            "thresholds": {
                "rate>0.95": false
            },
            "value": 0.9910714285714286
        },
        "data_received": {
            "rate": 76678.12573775752,
            "count": 2566703
        },
        "vus": {
            "value": 7,
            "min": 7,
            "max": 20
        },
        "crud_update_fail_total": {
            "count": 11,
            "rate": 0.32861588704081957
        },
        "crud_list_latency_ms": {
            "avg": 180.85538751000007,
            "min": 12.5015,
            "med": 57.9357995,
            "max": 5392.736486,
            "p(90)": 102.0533399,
            "p(95)": 235.53804499999907
        },
        "http_req_receiving": {
            "p(90)": 3.3035099999999997,
            "p(95)": 4.600099999999999,
            "avg": 1.740663557183909,
            "min": 0.0121,
            "med": 0.7258,
            "max": 689.234697
        },
        "http_req_connecting": {
            "max": 3.4863,
            "p(90)": 0,
            "p(95)": 0,
            "avg": 0.007197586206896552,
            "min": 0,
            "med": 0
        },
        "http_req_waiting": {
            "avg": 132.04388747356322,
            "min": 1.4884,
            "med": 56.5934,
            "max": 5848.462284,
            "p(90)": 96.13234,
            "p(95)": 159.44759999999982
        },
        "http_req_tls_handshaking": {
            "avg": 0.03341433908045977,
            "min": 0,
            "med": 0,
            "max": 10.8716,
            "p(90)": 0,
            "p(95)": 0
        },
        "data_sent": {
            "rate": 11558.048104828156,
            "count": 386891
        },
        "vus_max": {
            "max": 20,
            "value": 20,
            "min": 20
        },
        "crud_read_fail_total": {
            "count": 4,
            "rate": 0.11949668619666166
        },
        "iteration_duration": {
            "avg": 1238.5960352059997,
            "min": 388.415498,
            "med": 692.006048,
            "max": 16457.952855,
            "p(90)": 848.943898,
            "p(95)": 1909.3244029999987
        }
    },
    "root_group": {
        "checks": {
            "login 200": {
                "name": "login 200",
                "path": "::login 200",
                "id": "48b06dc5cde7f6ebb606ad7da726a2a5",
                "passes": 500,
                "fails": 0
            },
            "login has token": {
                "fails": 0,
                "name": "login has token",
                "path": "::login has token",
                "id": "76fad3378234b1d9b3859991679a6c46",
                "passes": 500
            },
            "list 200": {
                "name": "list 200",
                "path": "::list 200",
                "id": "bb957fc3b3b94304050fa1ff782f2f89",
                "passes": 486,
                "fails": 14
            },
            "create 200": {
                "path": "::create 200",
                "id": "3b3864655d7bdb04926571b6f6406bf6",
                "passes": 495,
                "fails": 5,
                "name": "create 200"
            },
            "create has id": {
                "path": "::create has id",
                "id": "1240f53b1f661fea5e53d08b053383ad",
                "passes": 495,
                "fails": 5,
                "name": "create has id"
            },
            "read 200": {
                "passes": 986,
                "fails": 4,
                "name": "read 200",
                "path": "::read 200",
                "id": "0e2edf58435ab027aec533a7b02a45ba"
            },
            "update 200": {
                "passes": 484,
                "fails": 11,
                "name": "update 200",
                "path": "::update 200",
                "id": "7ea104c1961d25326c0409f06885ea15"
            },
            "delete 2xx": {
                "path": "::delete 2xx",
                "id": "4ac674ed73a9b6950c11e4d7bba721c5",
                "passes": 494,
                "fails": 1,
                "name": "delete 2xx"
            }
        },
        "name": "",