{
    "metrics": {
        "crud_create_latency_ms": {
            "p(90)": 19.27254,
            "p(95)": 20.037484999999997,
            "avg": 17.623968019999996,
            "min": 15.548,
            "med": 17.06935,
            "max": 26.2177
        },
        "http_req_receiving": {
            "max": 0.7083,
            "p(90)": 0.18975000000000003,
            "p(95)": 0.23017,
            "avg": 0.1235785714285714,
            "min": 0.0354,
            "med": 0.1051
        },
        "http_req_failed": {
            "passes": 0,
            "fails": 350,
            "thresholds": {
                "rate<0.05": false
            },
            "value": 0
        },
        "http_req_connecting": {
            "min": 0,
            "med": 0,
            "max": 0.219,
            "p(90)": 0,
            "p(95)": 0,
            "avg": 0.0006257142857142858
        },
        "http_req_tls_handshaking": {
            "p(95)": 0,
            "avg": 0.009381714285714285,
            "min": 0,
            "med": 0,
            "max": 3.2836,
            "p(90)": 0
        },
        "http_reqs": {
            "count": 350,
            "rate": 17.30487960526939
        },
        "data_received": {
            "count": 258319,
            "rate": 12771.94055643881
        },
        "http_req_waiting": {
            "p(90)": 18.96611,
            "p(95)": 21.223335000000006,
            "avg": 14.307195997142854,
            "min": 1.9823,
            "med": 14.4653,
            "max": 81.352
        },
        "crud_delete_success_total": {
            "count": 50,
            "rate": 2.4721256578956274,
            "thresholds": {
                "count>0": false
            }
        },
        "vus_max": {
            "value": 1,
            "min": 1,
            "max": 1
        },
        "iteration_duration": {
            "med": 399.4515995,
            "max": 478.7091,
            "p(90)": 426.5846891,
            "p(95)": 438.73144444999997,
            "avg": 404.4503300799999,
            "min": 388.433201
        },
        "crud_read_latency_ms": {
            "max": 29.3314,
            "p(90)": 14.743219900000003,
            "p(95)": 15.32516,
            "avg": 13.34304797,
            "min": 11.5346,
            "med": 12.91855
        },
        "crud_read_success_total": {
            "count": 100,
            "rate": 4.944251315791255,
            "thresholds": {
                "count>0": false
            }
        },
        "crud_list_success_total": {
            "count": 50,
            "rate": 2.4721256578956274
        },
        "crud_delete_latency_ms": {
            "avg": 19.075799980000006,
            "min": 14.9268,
            "med": 17.20895,
            "max": 74.3231,
            "p(90)": 21.69115,
            "p(95)": 24.169509999999995
        },
        "login_success_total": {
            "count": 50,
            "rate": 2.4721256578956274
        },
        "http_req_duration": {
            "max": 81.5376,
            "p(90)": 19.27132,
            "p(95)": 21.427855000000005,
            "avg": 14.564892568571429,
            "min": 2.298,
            "med": 14.6710995,
            "thresholds": {
                "p(95)<700": false
            }
        },
        "crud_list_latency_ms": {
            "p(90)": 17.74764000000001,
            "p(95)": 41.71861999999997,
            "avg": 17.500491999999998,
            "min": 12.5909,
            "med": 13.95475,
            "max": 81.5376
        },
        "data_sent": {
            "count": 35030,
            "rate": 1731.9712359216765
        },
        "crud_update_success_total": {
            "count": 50,
            "rate": 2.4721256578956274,
            "thresholds": {
                "count>0": false
            }
        },
        "vus": {
            "value": 1,
            "min": 1,
            "max": 1
        },
        "http_req_duration{expected_response:true}": {
            "avg": 14.564892568571429,
            "min": 2.298,
            "med": 14.6710995,
            "max": 81.5376,
            "p(90)": 19.27132,
            "p(95)": 21.427855000000005
        },
        "checks": {
            "passes": 450,
            "fails": 0,
            "thresholds": {
                "rate>0.95": false
            },
            "value": 1
        },
        "crud_update_latency_ms": {
            "avg": 18.40575002,
            "min": 16.1039,
            "med": 17.7628,
            "max": 25.1302,
            "p(90)": 20.26391,
            "p(95)": 23.540325
        },
        "iterations": {
            "count": 50,
            "rate": 2.4721256578956274
        },
        "http_req_sending": {
            "avg": 0.1341180000000001,
            "min": 0.0379,
            "med": 0.12085,
            "max": 0.62,
            "p(90)": 0.20645000000000002,
            "p(95)": 0.23231500000000005
        },
        "crud_create_success_total": {
            "count": 50,
            "rate": 2.4721256578956274,
            "thresholds": {
                "count>0": false
            }
        },
        "http_req_blocked": {
            "avg": 0.011242285714285809,
            "min": 0.0002,
            "med": 0.0003,
            "max": 3.7672,
            "p(90)": 0.0005,
            "p(95)": 0.0005
        }
    },
    "root_group": {
        "checks": {
            "login 200": {
                "name": "login 200",
                "path": "::login 200",
                "id": "48b06dc5cde7f6ebb606ad7da726a2a5",
                "passes": 50,
                "fails": 0
            },
            "login has token": {
                "id": "76fad3378234b1d9b3859991679a6c46",
                "passes": 50,
                "fails": 0,
                "name": "login has token",
                "path": "::login has token"
            },
            "list 200": {
                "fails": 0,
                "name": "list 200",
                "path": "::list 200",
                "id": "bb957fc3b3b94304050fa1ff782f2f89",
                "passes": 50
            },
            "create 200": {
                "name": "create 200",
                "path": "::create 200",
                "id": "3b3864655d7bdb04926571b6f6406bf6",
                "passes": 50,
                "fails": 0
            },
            "create has id": {
                "name": "create has id",
                "path": "::create has id",
                "id": "1240f53b1f661fea5e53d08b053383ad",
                "passes": 50,
                "fails": 0
            },
            "read 200": {
                "name": "read 200",
                "path": "::read 200",
                "id": "0e2edf58435ab027aec533a7b02a45ba",
                "passes": 100,
                "fails": 0
            },
            "update 200": {
                "path": "::update 200",
                "id": "7ea104c1961d25326c0409f06885ea15",
                "passes": 50,
                "fails": 0,
                "name": "update 200"
            },
            "delete 2xx": {
                "fails": 0,
                "name": "delete 2xx",
                "path": "::delete 2xx",
                "id": "4ac674ed73a9b6950c11e4d7bba721c5",
                "passes": 50
            }
        },
        "name": "",
        "path": "",
        "id": "d41d8cd98f00b204e9800998ecf8427e",
        "groups": {}
    }
}