{
    "metrics": {
        "crud_update_latency_ms": {
            "p(95)": 39.342839999999974,
            "avg": 26.18615397854079,
            "min": 15.602,
            "med": 24.2752,
            "max": 82.9959,
            "p(90)": 35.825160000000004
        },
        "crud_create_success_total": {
            "count": 233,
            "rate": 11.493318875136755,
            "thresholds": {
                "count>0": false
            }
        },
        "crud_read_success_total": {
            "count": 466,
            "rate": 22.98663775027351,
            "thresholds": {
                "count>0": false
            }
        },
        "http_req_duration{expected_response:true}": {
            "med": 17.600699,
            "max": 112.587599,
            "p(90)": 28.77,
            "p(95)": 34.00375,
            "avg": 18.6809271385653,
            "min": 1.8411
        },
        "vus_max": {
            "max": 5,
            "value": 5,
            "min": 5
        },
        "data_sent": {
            "count": 166562,
            "rate": 8216.095186611708
        },
        "data_received": {
            "count": 1268275,
            "rate": 62560.896980103294
        },
        "iteration_duration": {
            "avg": 433.1017796609443,
            "min": 387.869498,
            "med": 429.335099,
            "max": 586.064395,
            "p(90)": 468.54413819999996,
            "p(95)": 486.77429959999995
        },
        "http_req_receiving": {
            "avg": 0.19902348252605778,
            "min": 0.0183,
            "med": 0.1142,
            "max": 2.0121,
            "p(90)": 0.4401,
            "p(95)": 0.6279
        },
        "iterations": {
            "count": 233,
            "rate": 11.493318875136755
        },
        "login_success_total": {
            "count": 233,
            "rate": 11.493318875136755
        },
        "http_reqs": {
            "count": 1631,
            "rate": 80.45323212595729
        },
        "http_req_duration": {
            "p(95)": 34.00375,
            "avg": 18.6809271385653,
            "min": 1.8411,
            "med": 17.600699,
            "max": 112.587599,
            "p(90)": 28.77,
            "thresholds": {
                "p(95)<700": false
            }
        },
        "http_req_waiting": {
            "min": 1.6423,
            "med": 17.2952,
            "max": 111.072699,
            "p(90)": 28.292799,
            "p(95)": 33.5322495,
            "avg": 18.36624841446963
        },
        "vus": {
            "value": 5,
            "min": 5,
            "max": 5
        },
        "http_req_connecting": {
            "avg": 0.001199632127529123,
            "min": 0,
            "med": 0,
            "max": 0.6678,
            "p(90)": 0,
            "p(95)": 0
        },
        "crud_list_latency_ms": {
            "med": 16.082499,
            "max": 108.002999,
            "p(90)": 20.9194592,
            "p(95)": 23.478019999999997,
            "avg": 17.743230785407725,
            "min": 11.2809
        },
        "crud_update_success_total": {
            "count": 233,
            "rate": 11.493318875136755,
            "thresholds": {
                "count>0": false
            }
        },
        "http_req_blocked": {
            "p(95)": 0.0005,
            "avg": 0.018541263028815924,
            "min": 0.0001,
            "med": 0.0003,
            "max": 7.6533,
            "p(90)": 0.0004
        },
        "crud_delete_success_total": {
            "count": 233,
            "rate": 11.493318875136755,
            "thresholds": {
                "count>0": false
            }
        },
        "http_req_tls_handshaking": {
            "avg": 0.0164725321888412,
            "min": 0,
            "med": 0,
            "max": 6.9573,
            "p(90)": 0,
            "p(95)": 0
        },
        "http_req_sending": {
            "p(90)": 0.1819,
            "p(95)": 0.2268,
            "avg": 0.11565524156958927,
            "min": 0.0286,
            "med": 0.0951,
            "max": 1.5693
        },
        "http_req_failed": {
            "passes": 0,
            "fails": 1631,
            "thresholds": {
                "rate<0.05": false
            },
            "value": 0
        },
        "crud_delete_latency_ms": {
            "min": 14.7164,
            "med": 20.6728,
            "max": 103.218099,
            "p(90)": 30.07028,
            "p(95)": 38.937859999999986,
            "avg": 23.100999484978544
        },
        "checks": {
            "passes": 2097,
            "fails": 0,
            "thresholds": {
                "rate>0.95": false
            },
            "value": 1
        },
        "crud_list_success_total": {
            "count": 233,
            "rate": 11.493318875136755
        },
        "crud_create_latency_ms": {
            "med": 23.0827,
            "max": 112.587599,
            "p(90)": 34.04848000000001,
            "p(95)": 46.33785999999999,
            "avg": 26.332752248927044,
            "min": 15.4729
        },
        "crud_read_latency_ms": {
            "p(90)": 21.04705,
            "p(95)": 24.30057475,
            "avg": 17.268133611587974,
            "min": 11.3553,
            "med": 16.152949999999997,
            "max": 86.973999
        }
    },
    "root_group": {
        "name": "",
        "path": "",
        "id": "d41d8cd98f00b204e9800998ecf8427e",
        "groups": {},
        "checks": {
                "login 200": {
                    "passes": 233,
                    "fails": 0,
                    "name": "login 200",
                    "path": "::login 200",
                    "id": "48b06dc5cde7f6ebb606ad7da726a2a5"
                },
                "login has token": {
                    "name": "login has token",
                    "path": "::login has token",
                    "id": "76fad3378234b1d9b3859991679a6c46",
                    "passes": 233,
                    "fails": 0
                },
                "list 200": {
                    "name": "list 200",
                    "path": "::list 200",
                    "id": "bb957fc3b3b94304050fa1ff782f2f89",
                    "passes": 233,
                    "fails": 0
                },
                "create 200": {
                    "id": "3b3864655d7bdb04926571b6f6406bf6",
                    "passes": 233,
                    "fails": 0,
                    "name": "create 200",
                    "path": "::create 200"
                },
                "create has id": {
                    "name": "create has id",
                    "path": "::create has id",
                    "id": "1240f53b1f661fea5e53d08b053383ad",
                    "passes": 233,
                    "fails": 0
                },
                "read 200": {
                    "fails": 0,
                    "name": "read 200",
                    "path": "::read 200",
                    "id": "0e2edf58435ab027aec533a7b02a45ba",
                    "passes": 466
                },
                "update 200": {
                    "name": "update 200",
                    "path": "::update 200",
                    "id": "7ea104c1961d25326c0409f06885ea15",
                    "passes": 233,
                    "fails": 0
                },
                "delete 2xx": {
                    "passes": 233,
                    "fails": 0,
                    "name": "delete 2xx",
                    "path": "::delete 2xx",
                    "id": "4ac674ed73a9b6950c11e4d7bba721c5"
                }
            }
    }
}