{
    "metrics": {
        "iteration_duration": {
            "min": 387.264499,
            "med": 417.090199,
            "max": 527.7623,
            "p(90)": 467.0466697,
            "p(95)": 496.128739,
            "avg": 427.09690212605034
        },
        "login_success_total": {
            "count": 238,
            "rate": 11.673510227131237
        },
        "http_req_waiting": {
            "avg": 17.477840662665006,
            "min": 1.5299,
            "med": 16.524050000000003,
            "max": 107.1723,
            "p(90)": 25.4043,
            "p(95)": 30.719375
        },
        "http_reqs": {
            "count": 1666,
            "rate": 81.71457158991866
        },
        "http_req_connecting": {
            "med": 0,
            "max": 0.4766,
            "p(90)": 0,
            "p(95)": 0,
            "avg": 0.001155342136854742,
            "min": 0
        },
        "http_req_sending": {
            "med": 0.09515000000000001,
            "max": 2.7277,
            "p(90)": 0.17625000000000002,
            "p(95)": 0.217675,
            "avg": 0.11592088835534195,
            "min": 0.028
        },
        "crud_create_success_total": {
            "count": 238,
            "rate": 11.673510227131237,
            "thresholds": {
                "count>0": false
            }
        },
        "data_received": {
            "count": 1294979,
            "rate": 63516.59916142934
        },
        "iterations": {
            "rate": 11.673510227131237,
            "count": 238
        },
        "vus": {
            "value": 5,
            "min": 5,
            "max": 5
        },
        "vus_max": {
            "value": 5,
            "min": 5,
            "max": 5
        },
        "checks": {
            "passes": 2142,
            "fails": 0,
            "thresholds": {
                "rate>0.95": false
            },
            "value": 1
        },
        "http_req_blocked": {
            "med": 0.0003,
            "max": 7.1719,
            "p(90)": 0.0005,
            "p(95)": 0.0005,
            "avg": 0.015954501800719535,
            "min": 0.0001
        },
        "crud_read_success_total": {
            "count": 476,
            "rate": 23.347020454262474,
            "thresholds": {
                "count>0": false
            }
        },
        "crud_create_latency_ms": {
            "p(95)": 46.06528999999978,
            "avg": 24.883568466386546,
            "min": 15.1326,
            "med": 21.17555,
            "max": 108.5029,
            "p(90)": 31.87552
        },
        "crud_delete_success_total": {
            "count": 238,
            "rate": 11.673510227131237,
            "thresholds": {
                "count>0": false
            }
        },
        "crud_list_latency_ms": {
            "avg": 18.057417617647058,
            "min": 12.3458,
            "med": 16.2633,
            "max": 83.0773,
            "p(90)": 22.65443,
            "p(95)": 27.36284
        },
        "crud_update_latency_ms": {
            "avg": 23.831111306722697,
            "min": 15.3457,
            "med": 20.61245,
            "max": 101.0589,
            "p(90)": 32.6798097,
            "p(95)": 37.74422914999999
        },
        "crud_delete_latency_ms": {
            "p(95)": 29.559869999999947,
            "avg": 21.05369826050422,
            "min": 14.9157,
            "med": 18.4146,
            "max": 96.1733,
            "p(90)": 27.0747
        },
        "http_req_tls_handshaking": {
            "p(95)": 0,
            "avg": 0.014069147659063625,
            "min": 0,
            "med": 0,
            "max": 6.6367,
            "p(90)": 0
        },
        "http_req_duration": {
            "p(95)": 31.506999999999998,
            "avg": 17.801974515606222,
            "min": 1.7123,
            "med": 16.82735,
            "max": 108.5029,
            "p(90)": 25.96745,
            "thresholds": {
                "p(95)<700": false
            }
        },
        "http_req_failed": {
            "passes": 0,
            "fails": 1666,
            "thresholds": {
                "rate<0.05": false
            },
            "value": 0
        },
        "crud_read_latency_ms": {
            "avg": 16.91798084033613,
            "min": 10.7492,
            "med": 15.1906,
            "max": 86.2447,
            "p(90)": 20.961199999999998,
            "p(95)": 23.629875
        },
        "http_req_receiving": {
            "avg": 0.20821296458583416,
            "min": 0.0167,
            "med": 0.1182,
            "max": 2.8126,
            "p(90)": 0.45345,
            "p(95)": 0.60225
        },
        "crud_list_success_total": {
            "count": 238,
            "rate": 11.673510227131237
        },
        "crud_update_success_total": {
            "count": 238,
            "rate": 11.673510227131237,
            "thresholds": {
                "count>0": false
            }
        },
        "http_req_duration{expected_response:true}": {
            "med": 16.82735,
            "max": 108.5029,
            "p(90)": 25.96745,
            "p(95)": 31.506999999999998,
            "avg": 17.801974515606222,
            "min": 1.7123
        },
        "data_sent": {
            "count": 169668,
            "rate": 8321.937534524803
        }
    },
    "root_group": {
        "name": "",
        "path": "",
        "id": "d41d8cd98f00b204e9800998ecf8427e",
        "groups": {},
        "checks": {
                "login 200": {
                    "name": "login 200",
                    "path": "::login 200",
                    "id": "48b06dc5cde7f6ebb606ad7da726a2a5",
                    "passes": 238,
                    "fails": 0
                },
                "login has token": {
                    "name": "login has token",
                    "path": "::login has token",
                    "id": "76fad3378234b1d9b3859991679a6c46",
                    "passes": 238,
                    "fails": 0
                },
                "list 200": {
                    "fails": 0,
                    "name": "list 200",
                    "path": "::list 200",
                    "id": "bb957fc3b3b94304050fa1ff782f2f89",
                    "passes": 238
                },
                "create 200": {
                    "name": "create 200",
                    "path": "::create 200",
                    "id": "3b3864655d7bdb04926571b6f6406bf6",
                    "passes": 238,
                    "fails": 0
                },
                "create has id": {
                    "name": "create has id",
                    "path": "::create has id",
                    "id": "1240f53b1f661fea5e53d08b053383ad",
                    "passes": 238,
                    "fails": 0
                },
                "read 200": {
                    "name": "read 200",
                    "path": "::read 200",
                    "id": "0e2edf58435ab027aec533a7b02a45ba",
                    "passes": 476,
                    "fails": 0
                },
                "update 200": {
                    "path": "::update 200",
                    "id": "7ea104c1961d25326c0409f06885ea15",
                    "passes": 238,
                    "fails": 0,
                    "name": "update 200"
                },
                "delete 2xx": {
                    "path": "::delete 2xx",
                    "id": "4ac674ed73a9b6950c11e4d7bba721c5",
                    "passes": 238,
                    "fails": 0,
                    "name": "delete 2xx"
                }
            }
    }
}