{
    "metrics": {
        "data_sent": {
            "count": 168818,
            "rate": 8373.380085363173
        },
        "http_req_waiting": {
            "max": 48.9701,
            "p(90)": 25.56352,
            "p(95)": 29.052349999999993,
            "avg": 17.117533318263998,
            "min": 1.7031,
            "med": 17.6504
        },
        "vus": {
            "value": 5,
            "min": 5,
            "max": 5
        },
        "checks": {
            "passes": 2133,
            "fails": 0,
            "thresholds": {
                "rate>0.95": false
            },
            "value": 1
        },
        "crud_list_success_total": {
            "count": 237,
            "rate": 11.755210227766423
        },
        "http_req_sending": {
            "avg": 0.12192393007836043,
            "min": 0.0276,
            "med": 0.0992,
            "max": 1.8634,
            "p(90)": 0.19312,
            "p(95)": 0.2611899999999998
        },
        "http_req_duration": {
            "p(95)": 29.54572,
            "avg": 17.43835471669683,
            "min": 1.9141,
            "med": 17.947,
            "max": 49.3802,
            "p(90)": 25.92226,
            "thresholds": {
                "p(95)<700": false
            }
        },
        "http_req_duration{expected_response:true}": {
            "max": 49.3802,
            "p(90)": 25.92226,
            "p(95)": 29.54572,
            "avg": 17.43835471669683,
            "min": 1.9141,
            "med": 17.947
        },
        "http_req_tls_handshaking": {
            "min": 0,
            "med": 0,
            "max": 5.1536,
            "p(90)": 0,
            "p(95)": 0,
            "avg": 0.011097468354430378
        },
        "crud_list_latency_ms": {
            "avg": 17.656870877637136,
            "min": 12.7338,
            "med": 17.0023,
            "max": 42.4703,
            "p(90)": 23.02712,
            "p(95)": 25.086679999999994
        },
        "http_reqs": {
            "count": 1659,
            "rate": 82.28647159436495
        },
        "http_req_blocked": {
            "max": 5.5708,
            "p(90)": 0.0005,
            "p(95)": 0.0005,
            "avg": 0.012535081374321116,
            "min": 0.0001,
            "med": 0.0003
        },
        "http_req_failed": {
            "passes": 0,
            "fails": 1659,
            "thresholds": {
                "rate<0.05": false
            },
            "value": 0
        },
        "crud_read_latency_ms": {
            "avg": 16.742241126582265,
            "min": 11.6077,
            "med": 16.34785,
            "max": 29.9557,
            "p(90)": 20.55537,
            "p(95)": 22.713665
        },
        "crud_delete_latency_ms": {
            "min": 14.7602,
            "med": 19.7485,
            "max": 49.3802,
            "p(90)": 27.2723,
            "p(95)": 30.335019999999997,
            "avg": 20.963013907172993
        },
        "crud_delete_success_total": {
            "count": 237,
            "rate": 11.755210227766423,
            "thresholds": {
                "count>0": false
            }
        },
        "login_success_total": {
            "count": 237,
            "rate": 11.755210227766423
        },
        "crud_read_success_total": {
            "count": 474,
            "rate": 23.510420455532845,
            "thresholds": {
                "count>0": false
            }
        },
        "http_req_receiving": {
            "p(95)": 0.5804999999999999,
            "avg": 0.19889746835443056,
            "min": 0.0168,
            "med": 0.1167,
            "max": 2.605,
            "p(90)": 0.42164000000000007
        },
        "crud_create_latency_ms": {
            "p(95)": 34.1172,
            "avg": 23.11206874261604,
            "min": 15.586699,
            "med": 22.1457,
            "max": 43.2672,
            "p(90)": 30.455820000000003
        },
        "crud_update_success_total": {
            "count": 237,
            "rate": 11.755210227766423,
            "thresholds": {
                "count>0": false
            }
        },
        "crud_update_latency_ms": {
            "avg": 23.89515229957806,
            "min": 15.7273,
            "med": 23.2984,
            "max": 39.2513,
            "p(90)": 30.17258,
            "p(95)": 32.4976
        },
        "http_req_connecting": {
            "p(90)": 0,
            "p(95)": 0,
            "avg": 0.0006328511151295962,
            "min": 0,
            "med": 0,
            "max": 0.2813
        },
        "data_received": {
            "count": 1273840,
            "rate": 63182.51897273409
        },
        "iteration_duration": {
            "med": 423.711,
            "max": 474.4532,
            "p(90)": 442.9912,
            "p(95)": 449.05242,
            "avg": 424.49988314346024,
            "min": 389.105699
        },
        "iterations": {
            "rate": 11.755210227766423,
            "count": 237
        },
        "vus_max": {
            "value": 5,
            "min": 5,
            "max": 5
        },
        "crud_create_success_total": {
            "count": 237,
            "rate": 11.755210227766423,
            "thresholds": {
                "count>0": false
            }
        }
    },
    "root_group": {
        "name": "",
        "path": "",
        "id": "d41d8cd98f00b204e9800998ecf8427e",
        "groups": {},
        "checks": {
                "login 200": {
                    "name": "login 200",
                    "path": "::login 200",
                    "id": "48b06dc5cde7f6ebb606ad7da726a2a5",
                    "passes": 237,
                    "fails": 0
                },
                "login has token": {
                    "passes": 237,
                    "fails": 0,
                    "name": "login has token",
                    "path": "::login has token",
                    "id": "76fad3378234b1d9b3859991679a6c46"
                },
                "list 200": {
                    "name": "list 200",
                    "path": "::list 200",
                    "id": "bb957fc3b3b94304050fa1ff782f2f89",
                    "passes": 237,
                    "fails": 0
                },
                "create 200": {
                    "id": "3b3864655d7bdb04926571b6f6406bf6",
                    "passes": 237,
                    "fails": 0,
                    "name": "create 200",
                    "path": "::create 200"
                },
                "create has id": {
                    "fails": 0,
                    "name": "create has id",
                    "path": "::create has id",
                    "id": "1240f53b1f661fea5e53d08b053383ad",
                    "passes": 237
                },
                "read 200": {
                    "id": "0e2edf58435ab027aec533a7b02a45ba",
                    "passes": 474,
                    "fails": 0,
                    "name": "read 200",
                    "path": "::read 200"
                },
                "update 200": {
                    "name": "update 200",
                    "path": "::update 200",
                    "id": "7ea104c1961d25326c0409f06885ea15",
                    "passes": 237,
                    "fails": 0
                },
                "delete 2xx": {
                    "fails": 0,
                    "name": "delete 2xx",
                    "path": "::delete 2xx",
                    "id": "4ac674ed73a9b6950c11e4d7bba721c5",
                    "passes": 237
                }
            }
    }
}