{
    "metrics": {
        "http_req_receiving": {
            "avg": 0.11633514571428581,
            "min": 0.0456,
            "med": 0.1002,
            "max": 0.835,
            "p(90)": 0.16754000000000008,
            "p(95)": 0.19097000000000003
        },
        "crud_update_latency_ms": {
            "max": 46.387101,
            "p(90)": 21.82289,
            "p(95)": 27.65126999999999,
            "avg": 19.178496060000008,
            "min": 15.8121,
            "med": 17.733249999999998
        },
        "http_req_blocked": {
            "avg": 0.014780000000000132,
            "min": 0.0002,
            "med": 0.0003,
            "max": 5.0538,
            "p(90)": 0.0005,
            "p(95)": 0.0005
        },
        "crud_delete_latency_ms": {
            "avg": 17.408902020000003,
            "min": 15.0894,
            "med": 16.84965,
            "max": 40.7771,
            "p(90)": 19.066219999999998,
            "p(95)": 20.871659999999995
        },
        "http_req_failed": {
            "passes": 0,
            "fails": 350,
            "thresholds": {
                "rate<0.05": false
            },
            "value": 0
        },
        "http_req_tls_handshaking": {
            "avg": 0.0132,
            "min": 0,
            "med": 0,
            "max": 4.62,
            "p(90)": 0,
            "p(95)": 0
        },
        "checks": {
            "passes": 450,
            "fails": 0,
            "thresholds": {
                "rate>0.95": false
            },
            "value": 1
        },
        "http_reqs": {
            "count": 350,
            "rate": 17.283471759281625
        },
        "crud_list_latency_ms": {
            "min": 12.9643,
            "med": 13.59575,
            "max": 82.6218,
            "p(90)": 15.559570000000003,
            "p(95)": 57.26824999999991,
            "avg": 18.08758404
        },
        "data_sent": {
            "count": 35344,
            "rate": 1745.334359600142
        },
        "crud_update_success_total": {
            "count": 50,
            "rate": 2.469067394183089,
            "thresholds": {
                "count>0": false
            }
        },
        "crud_create_success_total": {
            "count": 50,
            "rate": 2.469067394183089,
            "thresholds": {
                "count>0": false
            }
        },
        "crud_delete_success_total": {
            "count": 50,
            "rate": 2.469067394183089,
            "thresholds": {
                "count>0": false
            }
        },
        "crud_list_success_total": {
            "rate": 2.469067394183089,
            "count": 50
        },
        "http_req_duration{expected_response:true}": {
            "min": 2.2885,
            "med": 13.9254,
            "max": 82.6218,
            "p(90)": 18.7204,
            "p(95)": 21.899420000000003,
            "avg": 14.64033660285714
        },
        "http_req_connecting": {
            "p(90)": 0,
            "p(95)": 0,
            "avg": 0.0006251428571428571,
            "min": 0,
            "med": 0,
            "max": 0.2188
        },
        "crud_create_latency_ms": {
            "p(90)": 22.465460000000004,
            "p(95)": 31.82312999999997,
            "avg": 18.875144020000004,
            "min": 15.699,
            "med": 17.06625,
            "max": 38.6156
        },
        "crud_read_latency_ms": {
            "min": 11.5648,
            "med": 12.465250000000001,
            "max": 60.0895,
            "p(90)": 13.873940000000001,
            "p(95)": 14.525789999999997,
            "avg": 13.181100039999997
        },
        "login_success_total": {
            "count": 50,
            "rate": 2.469067394183089
        },
        "vus": {
            "max": 1,
            "value": 1,
            "min": 1
        },
        "crud_read_success_total": {
            "count": 100,
            "rate": 4.938134788366178,
            "thresholds": {
                "count>0": false
            }
        },
        "http_req_waiting": {
            "p(95)": 21.68262,
            "avg": 14.39993002857143,
            "min": 2.008,
            "med": 13.7304,
            "max": 82.4247,
            "p(90)": 18.50148
        },
        "iteration_duration": {
            "p(90)": 434.720341,
            "p(95)": 454.87530599999997,
            "avg": 404.94835498,
            "min": 390.123201,
            "med": 396.73855100000003,
            "max": 469.383701
        },
        "http_req_sending": {
            "avg": 0.12407142857142853,
            "min": 0.0374,
            "med": 0.1116,
            "max": 0.3394,
            "p(90)": 0.19295,
            "p(95)": 0.21392
        },
        "iterations": {
            "count": 50,
            "rate": 2.469067394183089
        },
        "data_received": {
            "count": 269045,
            "rate": 13285.804741359785
        },
        "vus_max": {
            "value": 1,
            "min": 1,
            "max": 1
        },
        "http_req_duration": {
            "p(90)": 18.7204,
            "p(95)": 21.899420000000003,
            "avg": 14.64033660285714,
            "min": 2.2885,
            "med": 13.9254,
            "max": 82.6218,
            "thresholds": {
                "p(95)<700": false
            }
        }
    },
    "root_group": {
        "groups": {},
        "checks": {
                "login 200": {
                    "fails": 0,
                    "name": "login 200",
                    "path": "::login 200",
                    "id": "48b06dc5cde7f6ebb606ad7da726a2a5",
                    "passes": 50
                },
                "login has token": {
                    "name": "login has token",
                    "path": "::login has token",
                    "id": "76fad3378234b1d9b3859991679a6c46",
                    "passes": 50,
                    "fails": 0
                },
                "list 200": {
                    "name": "list 200",
                    "path": "::list 200",
                    "id": "bb957fc3b3b94304050fa1ff782f2f89",
                    "passes": 50,
                    "fails": 0
                },
                "create 200": {
                    "name": "create 200",
                    "path": "::create 200",
                    "id": "3b3864655d7bdb04926571b6f6406bf6",
                    "passes": 50,
                    "fails": 0
                },
                "create has id": {
                    "path": "::create has id",
                    "id": "1240f53b1f661fea5e53d08b053383ad",
                    "passes": 50,
                    "fails": 0,
                    "name": "create has id"
                },
                "read 200": {
                    "fails": 0,
                    "name": "read 200",
                    "path": "::read 200",
                    "id": "0e2edf58435ab027aec533a7b02a45ba",
                    "passes": 100
                },
                "update 200": {
                    "name": "update 200",
                    "path": "::update 200",
                    "id": "7ea104c1961d25326c0409f06885ea15",
                    "passes": 50,
                    "fails": 0
                },
                "delete 2xx": {
                    "name": "delete 2xx",
                    "path": "::delete 2xx",
                    "id": "4ac674ed73a9b6950c11e4d7bba721c5",
                    "passes": 50,
                    "fails": 0
                }
            },
        "name": "",
        "path": "",
        "id": "d41d8cd98f00b204e9800998ecf8427e"
    }
}