{
    "metrics": {
        "vus_max": {
            "min": 20,
            "max": 20,
            "value": 20
        },
        "http_req_duration": {
            "avg": 54.60153592172876,
            "min": 1.7773,
            "med": 46.9107,
            "max": 1070.293499,
            "p(90)": 85.76961939999998,
            "p(95)": 109.24545999999992,
            "thresholds": {
                "p(95)<700": false
            }
        },
        "http_req_connecting": {
            "avg": 0.003672052821128452,
            "min": 0,
            "med": 0,
            "max": 1.8523,
            "p(90)": 0,
            "p(95)": 0
        },
        "crud_list_latency_ms": {
            "med": 45.9482,
            "max": 804.8589,
            "p(90)": 91.82901900000002,
            "p(95)": 188.01452969999994,
            "avg": 60.18249321512615,
            "min": 12.8594
        },
        "vus": {
            "min": 20,
            "max": 20,
            "value": 20
        },
        "crud_create_latency_ms": {
            "avg": 74.65015405882353,
            "min": 16.0765,
            "med": 61.1346,
            "max": 1070.293499,
            "p(90)": 95.72812,
            "p(95)": 154.52800999999982
        },
        "crud_read_latency_ms": {
            "p(95)": 90.17342999999998,
            "avg": 55.41591147815128,
            "min": 11.9071,
            "med": 49.081149999999994,
            "max": 775.1135,
            "p(90)": 75.85201910000004
        },
        "login_success_total": {
            "rate": 28.992334361696017,
            "count": 595
        },
        "crud_list_success_total": {
            "rate": 28.992334361696017,
            "count": 595
        },
        "http_reqs": {
            "count": 4165,
            "rate": 202.9463405318721
        },
        "iteration_duration": {
            "max": 1901.918599,
            "p(90)": 890.085459,
            "p(95)": 1026.0373289999998,
            "avg": 684.8411599747901,
            "min": 392.3343,
            "med": 656.0085
        },
        "http_req_waiting": {
            "p(90)": 83.42548,
            "p(95)": 106.45613999999999,
            "avg": 53.32189743505402,
            "min": 1.6151,
            "med": 45.7031,
            "max": 1070.181699
        },
        "crud_update_latency_ms": {
            "avg": 76.39176414789921,
            "min": 16.3066,
            "med": 66.8799,
            "max": 747.3282,
            "p(90)": 102.44962000000001,
            "p(95)": 126.46077
        },
        "http_req_tls_handshaking": {
            "max": 13.5791,
            "p(90)": 0,
            "p(95)": 0,
            "avg": 0.02956614645858343,
            "min": 0,
            "med": 0
        },
        "crud_update_success_total": {
            "count": 595,
            "rate": 28.992334361696017,
            "thresholds": {
                "count>0": false
            }
        },
        "http_req_duration{expected_response:true}": {
            "med": 46.9107,
            "max": 1070.293499,
            "p(90)": 85.76961939999998,
            "p(95)": 109.24545999999992,
            "avg": 54.60153592172876,
            "min": 1.7773
        },
        "http_req_failed": {
            "passes": 0,
            "fails": 4165,
            "thresholds": {
                "rate<0.05": false
            },
            "value": 0
        },
        "checks": {
            "passes": 5355,
            "fails": 0,
            "thresholds": {
                "rate>0.95": false
            },
            "value": 1
        },
        "http_req_receiving": {
            "min": 0.0139,
            "med": 0.5312,
            "max": 114.6571,
            "p(90)": 2.9228199999999998,
            "p(95)": 3.799939999999998,
            "avg": 1.1338918122449007
        },
        "crud_read_success_total": {
            "count": 1190,
            "rate": 57.98466872339203,
            "thresholds": {
                "count>0": false
            }
        },
        "data_sent": {
            "count": 456705,
            "rate": 22253.687503627527
        },
        "crud_delete_success_total": {
            "rate": 28.992334361696017,
            "count": 595,
            "thresholds": {
                "count>0": false
            }
        },
        "crud_delete_latency_ms": {
            "med": 49.8458,
            "max": 675.8947,
            "p(90)": 79.03258,
            "p(95)": 93.85432999999998,
            "avg": 53.41279290588236,
            "min": 15.3819
        },
        "data_received": {
            "count": 3222966,
            "rate": 157044.2149720638
        },
        "http_req_sending": {
            "avg": 0.1457466744297726,
            "min": 0.028,
            "med": 0.0955,
            "max": 10.1236,
            "p(90)": 0.2749,
            "p(95)": 0.39999999999999986
        },
        "iterations": {
            "count": 595,
            "rate": 28.992334361696017
        },
        "crud_create_success_total": {
            "rate": 28.992334361696017,
            "count": 595,
            "thresholds": {
                "count>0": false
            }
        },
        "http_req_blocked": {
            "p(95)": 0.0005,
            "avg": 0.03401130852341719,
            "min": 0.0001,
            "med": 0.0003,
            "max": 13.8592,
            "p(90)": 0.0005
        }
    },
    "root_group": {
        "name": "",
        "path": "",
        "id": "d41d8cd98f00b204e9800998ecf8427e",
        "groups": {},
        "checks": {
                "login 200": {
                    "name": "login 200",
                    "path": "::login 200",
                    "id": "48b06dc5cde7f6ebb606ad7da726a2a5",
                    "passes": 595,
                    "fails": 0
                },
                "login has token": {
                    "fails": 0,
                    "name": "login has token",
                    "path": "::login has token",
                    "id": "76fad3378234b1d9b3859991679a6c46",
                    "passes": 595
                },
                "list 200": {
                    "name": "list 200",
                    "path": "::list 200",
                    "id": "bb957fc3b3b94304050fa1ff782f2f89",
                    "passes": 595,
                    "fails": 0
                },
                "create 200": {
                    "fails": 0,
                    "name": "create 200",
                    "path": "::create 200",
                    "id": "3b3864655d7bdb04926571b6f6406bf6",
                    "passes": 595
                },
                "create has id": {
                    "id": "1240f53b1f661fea5e53d08b053383ad",
                    "passes": 595,
                    "fails": 0,
                    "name": "create has id",
                    "path": "::create has id"
                },
                "read 200": {
                    "name": "read 200",
                    "path": "::read 200",
                    "id": "0e2edf58435ab027aec533a7b02a45ba",
                    "passes": 1190,
                    "fails": 0
                },
                "update 200": {
                    "fails": 0,
                    "name": "update 200",
                    "path": "::update 200",
                    "id": "7ea104c1961d25326c0409f06885ea15",
                    "passes": 595
                },
                "delete 2xx": {
                    "passes": 595,
                    "fails": 0,
                    "name": "delete 2xx",
                    "path": "::delete 2xx",
                    "id": "4ac674ed73a9b6950c11e4d7bba721c5"
                }
            }
    }
}